{
  "id" : "906400d0-a1cd-11e7-95d4-13de3d82fddb-6",
  "name" : "Shikha3.txt",
  "version" : 3,
  "text" : "Rep: This is Payal. How can I help you?\nCaller: This is Ankur. I want to take the dongle, could you please let me know the related offer and rate. I am looking for corporate plan.\nRep: Sure, Sir, I’ll help you. Which company Sir?\nCaller: It’s IBM.\nRep: ok. For IBM we do provide 4G Dongle of Rs. XXX.\nCaller: Please provide me more details like data limit and speed.\nRep: Sure, it is 1GB/day free and post that it is chargeable. It provides 4G Speed.\nCaller: I would like to order it.\nRep: Sure Sir. We need your details to fill-in the form.\nCaller: ok\nRep: Your name?\nCaller: Ankur ABC\nRep: Your date of birth is\nCaller: it is 23rd May 1987\nRep: and your official email id is?\nCaller: it is ankur@in.ibm.com\nRep: please confirm your company name, is it IBM?\nCaller: yes.\nRep: and your employee id is:\nCaller: employee ID is 800011\nRep: Please tell your address\nCaller: Its IBM India Pvt Ltd, EGL, Bangalore\nRep: Thank you for providing the details. Service request has been raised for the same. You will get a verification call in 3 hours. and then it will be delivered to you.\nRep: Is there anything else that I can help you with\nCaller: No\nRep: Thanks for calling Vodafone. Have a good day.\n",
  "docLength" : 0,
  "language" : "EN",
  "status" : "SUBMITTED",
  "modifiedDate" : 1506330030615,
  "documentSet" : [ ],
  "preannotation" : [ ],
  "sentences" : [ {
    "id" : "s0",
    "begin" : 0,
    "end" : 19,
    "text" : "Rep: This is Payal.",
    "tokens" : [ {
      "id" : "s0-t0",
      "begin" : 0,
      "end" : 3,
      "text" : "Rep",
      "whiteSpace" : false
    }, {
      "id" : "s0-t1",
      "begin" : 3,
      "end" : 4,
      "text" : ":",
      "whiteSpace" : false
    }, {
      "id" : "s0-t2",
      "begin" : 5,
      "end" : 9,
      "text" : "This",
      "whiteSpace" : false
    }, {
      "id" : "s0-t3",
      "begin" : 10,
      "end" : 12,
      "text" : "is",
      "whiteSpace" : false
    }, {
      "id" : "s0-t4",
      "begin" : 13,
      "end" : 18,
      "text" : "Payal",
      "whiteSpace" : false
    }, {
      "id" : "s0-t5",
      "begin" : 18,
      "end" : 19,
      "text" : ".",
      "whiteSpace" : false
    } ]
  }, {
    "id" : "s1",
    "begin" : 20,
    "end" : 39,
    "text" : "How can I help you?",
    "tokens" : [ {
      "id" : "s1-t0",
      "begin" : 20,
      "end" : 23,
      "text" : "How",
      "whiteSpace" : false
    }, {
      "id" : "s1-t1",
      "begin" : 24,
      "end" : 27,
      "text" : "can",
      "whiteSpace" : false
    }, {
      "id" : "s1-t2",
      "begin" : 28,
      "end" : 29,
      "text" : "I",
      "whiteSpace" : false
    }, {
      "id" : "s1-t3",
      "begin" : 30,
      "end" : 34,
      "text" : "help",
      "whiteSpace" : false
    }, {
      "id" : "s1-t4",
      "begin" : 35,
      "end" : 38,
      "text" : "you",
      "whiteSpace" : false
    }, {
      "id" : "s1-t5",
      "begin" : 38,
      "end" : 39,
      "text" : "?",
      "whiteSpace" : false
    } ]
  }, {
    "id" : "s2",
    "begin" : 40,
    "end" : 62,
    "text" : "Caller: This is Ankur.",
    "tokens" : [ {
      "id" : "s2-t0",
      "begin" : 40,
      "end" : 46,
      "text" : "Caller",
      "whiteSpace" : false
    }, {
      "id" : "s2-t1",
      "begin" : 46,
      "end" : 47,
      "text" : ":",
      "whiteSpace" : false
    }, {
      "id" : "s2-t2",
      "begin" : 48,
      "end" : 52,
      "text" : "This",
      "whiteSpace" : false
    }, {
      "id" : "s2-t3",
      "begin" : 53,
      "end" : 55,
      "text" : "is",
      "whiteSpace" : false
    }, {
      "id" : "s2-t4",
      "begin" : 56,
      "end" : 61,
      "text" : "Ankur",
      "whiteSpace" : false
    }, {
      "id" : "s2-t5",
      "begin" : 61,
      "end" : 62,
      "text" : ".",
      "whiteSpace" : false
    } ]
  }, {
    "id" : "s3",
    "begin" : 63,
    "end" : 146,
    "text" : "I want to take the dongle, could you please let me know the related offer and rate.",
    "tokens" : [ {
      "id" : "s3-t0",
      "begin" : 63,
      "end" : 64,
      "text" : "I",
      "whiteSpace" : false
    }, {
      "id" : "s3-t1",
      "begin" : 65,
      "end" : 69,
      "text" : "want",
      "whiteSpace" : false
    }, {
      "id" : "s3-t2",
      "begin" : 70,
      "end" : 72,
      "text" : "to",
      "whiteSpace" : false
    }, {
      "id" : "s3-t3",
      "begin" : 73,
      "end" : 77,
      "text" : "take",
      "whiteSpace" : false
    }, {
      "id" : "s3-t4",
      "begin" : 78,
      "end" : 81,
      "text" : "the",
      "whiteSpace" : false
    }, {
      "id" : "s3-t5",
      "begin" : 82,
      "end" : 88,
      "text" : "dongle",
      "whiteSpace" : false
    }, {
      "id" : "s3-t6",
      "begin" : 88,
      "end" : 89,
      "text" : ",",
      "whiteSpace" : false
    }, {
      "id" : "s3-t7",
      "begin" : 90,
      "end" : 95,
      "text" : "could",
      "whiteSpace" : false
    }, {
      "id" : "s3-t8",
      "begin" : 96,
      "end" : 99,
      "text" : "you",
      "whiteSpace" : false
    }, {
      "id" : "s3-t9",
      "begin" : 100,
      "end" : 106,
      "text" : "please",
      "whiteSpace" : false
    }, {
      "id" : "s3-t10",
      "begin" : 107,
      "end" : 110,
      "text" : "let",
      "whiteSpace" : false
    }, {
      "id" : "s3-t11",
      "begin" : 111,
      "end" : 113,
      "text" : "me",
      "whiteSpace" : false
    }, {
      "id" : "s3-t12",
      "begin" : 114,
      "end" : 118,
      "text" : "know",
      "whiteSpace" : false
    }, {
      "id" : "s3-t13",
      "begin" : 119,
      "end" : 122,
      "text" : "the",
      "whiteSpace" : false
    }, {
      "id" : "s3-t14",
      "begin" : 123,
      "end" : 130,
      "text" : "related",
      "whiteSpace" : false
    }, {
      "id" : "s3-t15",
      "begin" : 131,
      "end" : 136,
      "text" : "offer",
      "whiteSpace" : false
    }, {
      "id" : "s3-t16",
      "begin" : 137,
      "end" : 140,
      "text" : "and",
      "whiteSpace" : false
    }, {
      "id" : "s3-t17",
      "begin" : 141,
      "end" : 145,
      "text" : "rate",
      "whiteSpace" : false
    }, {
      "id" : "s3-t18",
      "begin" : 145,
      "end" : 146,
      "text" : ".",
      "whiteSpace" : false
    } ]
  }, {
    "id" : "s4",
    "begin" : 147,
    "end" : 179,
    "text" : "I am looking for corporate plan.",
    "tokens" : [ {
      "id" : "s4-t0",
      "begin" : 147,
      "end" : 148,
      "text" : "I",
      "whiteSpace" : false
    }, {
      "id" : "s4-t1",
      "begin" : 149,
      "end" : 151,
      "text" : "am",
      "whiteSpace" : false
    }, {
      "id" : "s4-t2",
      "begin" : 152,
      "end" : 159,
      "text" : "looking",
      "whiteSpace" : false
    }, {
      "id" : "s4-t3",
      "begin" : 160,
      "end" : 163,
      "text" : "for",
      "whiteSpace" : false
    }, {
      "id" : "s4-t4",
      "begin" : 164,
      "end" : 173,
      "text" : "corporate",
      "whiteSpace" : false
    }, {
      "id" : "s4-t5",
      "begin" : 174,
      "end" : 178,
      "text" : "plan",
      "whiteSpace" : false
    }, {
      "id" : "s4-t6",
      "begin" : 178,
      "end" : 179,
      "text" : ".",
      "whiteSpace" : false
    } ]
  }, {
    "id" : "s5",
    "begin" : 180,
    "end" : 210,
    "text" : "Rep: Sure, Sir, I’ll help you.",
    "tokens" : [ {
      "id" : "s5-t0",
      "begin" : 180,
      "end" : 183,
      "text" : "Rep",
      "whiteSpace" : false
    }, {
      "id" : "s5-t1",
      "begin" : 183,
      "end" : 184,
      "text" : ":",
      "whiteSpace" : false
    }, {
      "id" : "s5-t2",
      "begin" : 185,
      "end" : 189,
      "text" : "Sure",
      "whiteSpace" : false
    }, {
      "id" : "s5-t3",
      "begin" : 189,
      "end" : 190,
      "text" : ",",
      "whiteSpace" : false
    }, {
      "id" : "s5-t4",
      "begin" : 191,
      "end" : 194,
      "text" : "Sir",
      "whiteSpace" : false
    }, {
      "id" : "s5-t5",
      "begin" : 194,
      "end" : 195,
      "text" : ",",
      "whiteSpace" : false
    }, {
      "id" : "s5-t6",
      "begin" : 196,
      "end" : 197,
      "text" : "I",
      "whiteSpace" : false
    }, {
      "id" : "s5-t7",
      "begin" : 197,
      "end" : 200,
      "text" : "’ll",
      "whiteSpace" : false
    }, {
      "id" : "s5-t8",
      "begin" : 201,
      "end" : 205,
      "text" : "help",
      "whiteSpace" : false
    }, {
      "id" : "s5-t9",
      "begin" : 206,
      "end" : 209,
      "text" : "you",
      "whiteSpace" : false
    }, {
      "id" : "s5-t10",
      "begin" : 209,
      "end" : 210,
      "text" : ".",
      "whiteSpace" : false
    } ]
  }, {
    "id" : "s6",
    "begin" : 211,
    "end" : 229,
    "text" : "Which company Sir?",
    "tokens" : [ {
      "id" : "s6-t0",
      "begin" : 211,
      "end" : 216,
      "text" : "Which",
      "whiteSpace" : false
    }, {
      "id" : "s6-t1",
      "begin" : 217,
      "end" : 224,
      "text" : "company",
      "whiteSpace" : false
    }, {
      "id" : "s6-t2",
      "begin" : 225,
      "end" : 228,
      "text" : "Sir",
      "whiteSpace" : false
    }, {
      "id" : "s6-t3",
      "begin" : 228,
      "end" : 229,
      "text" : "?",
      "whiteSpace" : false
    } ]
  }, {
    "id" : "s7",
    "begin" : 230,
    "end" : 247,
    "text" : "Caller: It’s IBM.",
    "tokens" : [ {
      "id" : "s7-t0",
      "begin" : 230,
      "end" : 236,
      "text" : "Caller",
      "whiteSpace" : false
    }, {
      "id" : "s7-t1",
      "begin" : 236,
      "end" : 237,
      "text" : ":",
      "whiteSpace" : false
    }, {
      "id" : "s7-t2",
      "begin" : 238,
      "end" : 240,
      "text" : "It",
      "whiteSpace" : false
    }, {
      "id" : "s7-t3",
      "begin" : 240,
      "end" : 242,
      "text" : "’s",
      "whiteSpace" : false
    }, {
      "id" : "s7-t4",
      "begin" : 243,
      "end" : 246,
      "text" : "IBM",
      "whiteSpace" : false
    }, {
      "id" : "s7-t5",
      "begin" : 246,
      "end" : 247,
      "text" : ".",
      "whiteSpace" : false
    } ]
  }, {
    "id" : "s8",
    "begin" : 248,
    "end" : 256,
    "text" : "Rep: ok.",
    "tokens" : [ {
      "id" : "s8-t0",
      "begin" : 248,
      "end" : 251,
      "text" : "Rep",
      "whiteSpace" : false
    }, {
      "id" : "s8-t1",
      "begin" : 251,
      "end" : 252,
      "text" : ":",
      "whiteSpace" : false
    }, {
      "id" : "s8-t2",
      "begin" : 253,
      "end" : 255,
      "text" : "ok",
      "whiteSpace" : false
    }, {
      "id" : "s8-t3",
      "begin" : 255,
      "end" : 256,
      "text" : ".",
      "whiteSpace" : false
    } ]
  }, {
    "id" : "s9",
    "begin" : 257,
    "end" : 300,
    "text" : "For IBM we do provide 4G Dongle of Rs. XXX.",
    "tokens" : [ {
      "id" : "s9-t0",
      "begin" : 257,
      "end" : 260,
      "text" : "For",
      "whiteSpace" : false
    }, {
      "id" : "s9-t1",
      "begin" : 261,
      "end" : 264,
      "text" : "IBM",
      "whiteSpace" : false
    }, {
      "id" : "s9-t2",
      "begin" : 265,
      "end" : 267,
      "text" : "we",
      "whiteSpace" : false
    }, {
      "id" : "s9-t3",
      "begin" : 268,
      "end" : 270,
      "text" : "do",
      "whiteSpace" : false
    }, {
      "id" : "s9-t4",
      "begin" : 271,
      "end" : 278,
      "text" : "provide",
      "whiteSpace" : false
    }, {
      "id" : "s9-t5",
      "begin" : 279,
      "end" : 281,
      "text" : "4G",
      "whiteSpace" : false
    }, {
      "id" : "s9-t6",
      "begin" : 282,
      "end" : 288,
      "text" : "Dongle",
      "whiteSpace" : false
    }, {
      "id" : "s9-t7",
      "begin" : 289,
      "end" : 291,
      "text" : "of",
      "whiteSpace" : false
    }, {
      "id" : "s9-t8",
      "begin" : 292,
      "end" : 295,
      "text" : "Rs.",
      "whiteSpace" : false
    }, {
      "id" : "s9-t9",
      "begin" : 296,
      "end" : 299,
      "text" : "XXX",
      "whiteSpace" : false
    }, {
      "id" : "s9-t10",
      "begin" : 299,
      "end" : 300,
      "text" : ".",
      "whiteSpace" : false
    } ]
  }, {
    "id" : "s10",
    "begin" : 301,
    "end" : 366,
    "text" : "Caller: Please provide me more details like data limit and speed.",
    "tokens" : [ {
      "id" : "s10-t0",
      "begin" : 301,
      "end" : 307,
      "text" : "Caller",
      "whiteSpace" : false
    }, {
      "id" : "s10-t1",
      "begin" : 307,
      "end" : 308,
      "text" : ":",
      "whiteSpace" : false
    }, {
      "id" : "s10-t2",
      "begin" : 309,
      "end" : 315,
      "text" : "Please",
      "whiteSpace" : false
    }, {
      "id" : "s10-t3",
      "begin" : 316,
      "end" : 323,
      "text" : "provide",
      "whiteSpace" : false
    }, {
      "id" : "s10-t4",
      "begin" : 324,
      "end" : 326,
      "text" : "me",
      "whiteSpace" : false
    }, {
      "id" : "s10-t5",
      "begin" : 327,
      "end" : 331,
      "text" : "more",
      "whiteSpace" : false
    }, {
      "id" : "s10-t6",
      "begin" : 332,
      "end" : 339,
      "text" : "details",
      "whiteSpace" : false
    }, {
      "id" : "s10-t7",
      "begin" : 340,
      "end" : 344,
      "text" : "like",
      "whiteSpace" : false
    }, {
      "id" : "s10-t8",
      "begin" : 345,
      "end" : 349,
      "text" : "data",
      "whiteSpace" : false
    }, {
      "id" : "s10-t9",
      "begin" : 350,
      "end" : 355,
      "text" : "limit",
      "whiteSpace" : false
    }, {
      "id" : "s10-t10",
      "begin" : 356,
      "end" : 359,
      "text" : "and",
      "whiteSpace" : false
    }, {
      "id" : "s10-t11",
      "begin" : 360,
      "end" : 365,
      "text" : "speed",
      "whiteSpace" : false
    }, {
      "id" : "s10-t12",
      "begin" : 365,
      "end" : 366,
      "text" : ".",
      "whiteSpace" : false
    } ]
  }, {
    "id" : "s11",
    "begin" : 367,
    "end" : 428,
    "text" : "Rep: Sure, it is 1GB/day free and post that it is chargeable.",
    "tokens" : [ {
      "id" : "s11-t0",
      "begin" : 367,
      "end" : 370,
      "text" : "Rep",
      "whiteSpace" : false
    }, {
      "id" : "s11-t1",
      "begin" : 370,
      "end" : 371,
      "text" : ":",
      "whiteSpace" : false
    }, {
      "id" : "s11-t2",
      "begin" : 372,
      "end" : 376,
      "text" : "Sure",
      "whiteSpace" : false
    }, {
      "id" : "s11-t3",
      "begin" : 376,
      "end" : 377,
      "text" : ",",
      "whiteSpace" : false
    }, {
      "id" : "s11-t4",
      "begin" : 378,
      "end" : 380,
      "text" : "it",
      "whiteSpace" : false
    }, {
      "id" : "s11-t5",
      "begin" : 381,
      "end" : 383,
      "text" : "is",
      "whiteSpace" : false
    }, {
      "id" : "s11-t6",
      "begin" : 384,
      "end" : 391,
      "text" : "1GB/day",
      "whiteSpace" : false
    }, {
      "id" : "s11-t7",
      "begin" : 392,
      "end" : 396,
      "text" : "free",
      "whiteSpace" : false
    }, {
      "id" : "s11-t8",
      "begin" : 397,
      "end" : 400,
      "text" : "and",
      "whiteSpace" : false
    }, {
      "id" : "s11-t9",
      "begin" : 401,
      "end" : 405,
      "text" : "post",
      "whiteSpace" : false
    }, {
      "id" : "s11-t10",
      "begin" : 406,
      "end" : 410,
      "text" : "that",
      "whiteSpace" : false
    }, {
      "id" : "s11-t11",
      "begin" : 411,
      "end" : 413,
      "text" : "it",
      "whiteSpace" : false
    }, {
      "id" : "s11-t12",
      "begin" : 414,
      "end" : 416,
      "text" : "is",
      "whiteSpace" : false
    }, {
      "id" : "s11-t13",
      "begin" : 417,
      "end" : 427,
      "text" : "chargeable",
      "whiteSpace" : false
    }, {
      "id" : "s11-t14",
      "begin" : 427,
      "end" : 428,
      "text" : ".",
      "whiteSpace" : false
    } ]
  }, {
    "id" : "s12",
    "begin" : 429,
    "end" : 450,
    "text" : "It provides 4G Speed.",
    "tokens" : [ {
      "id" : "s12-t0",
      "begin" : 429,
      "end" : 431,
      "text" : "It",
      "whiteSpace" : false
    }, {
      "id" : "s12-t1",
      "begin" : 432,
      "end" : 440,
      "text" : "provides",
      "whiteSpace" : false
    }, {
      "id" : "s12-t2",
      "begin" : 441,
      "end" : 443,
      "text" : "4G",
      "whiteSpace" : false
    }, {
      "id" : "s12-t3",
      "begin" : 444,
      "end" : 449,
      "text" : "Speed",
      "whiteSpace" : false
    }, {
      "id" : "s12-t4",
      "begin" : 449,
      "end" : 450,
      "text" : ".",
      "whiteSpace" : false
    } ]
  }, {
    "id" : "s13",
    "begin" : 451,
    "end" : 484,
    "text" : "Caller: I would like to order it.",
    "tokens" : [ {
      "id" : "s13-t0",
      "begin" : 451,
      "end" : 457,
      "text" : "Caller",
      "whiteSpace" : false
    }, {
      "id" : "s13-t1",
      "begin" : 457,
      "end" : 458,
      "text" : ":",
      "whiteSpace" : false
    }, {
      "id" : "s13-t2",
      "begin" : 459,
      "end" : 460,
      "text" : "I",
      "whiteSpace" : false
    }, {
      "id" : "s13-t3",
      "begin" : 461,
      "end" : 466,
      "text" : "would",
      "whiteSpace" : false
    }, {
      "id" : "s13-t4",
      "begin" : 467,
      "end" : 471,
      "text" : "like",
      "whiteSpace" : false
    }, {
      "id" : "s13-t5",
      "begin" : 472,
      "end" : 474,
      "text" : "to",
      "whiteSpace" : false
    }, {
      "id" : "s13-t6",
      "begin" : 475,
      "end" : 480,
      "text" : "order",
      "whiteSpace" : false
    }, {
      "id" : "s13-t7",
      "begin" : 481,
      "end" : 483,
      "text" : "it",
      "whiteSpace" : false
    }, {
      "id" : "s13-t8",
      "begin" : 483,
      "end" : 484,
      "text" : ".",
      "whiteSpace" : false
    } ]
  }, {
    "id" : "s14",
    "begin" : 485,
    "end" : 499,
    "text" : "Rep: Sure Sir.",
    "tokens" : [ {
      "id" : "s14-t0",
      "begin" : 485,
      "end" : 488,
      "text" : "Rep",
      "whiteSpace" : false
    }, {
      "id" : "s14-t1",
      "begin" : 488,
      "end" : 489,
      "text" : ":",
      "whiteSpace" : false
    }, {
      "id" : "s14-t2",
      "begin" : 490,
      "end" : 494,
      "text" : "Sure",
      "whiteSpace" : false
    }, {
      "id" : "s14-t3",
      "begin" : 495,
      "end" : 498,
      "text" : "Sir",
      "whiteSpace" : false
    }, {
      "id" : "s14-t4",
      "begin" : 498,
      "end" : 499,
      "text" : ".",
      "whiteSpace" : false
    } ]
  }, {
    "id" : "s15",
    "begin" : 500,
    "end" : 541,
    "text" : "We need your details to fill-in the form.",
    "tokens" : [ {
      "id" : "s15-t0",
      "begin" : 500,
      "end" : 502,
      "text" : "We",
      "whiteSpace" : false
    }, {
      "id" : "s15-t1",
      "begin" : 503,
      "end" : 507,
      "text" : "need",
      "whiteSpace" : false
    }, {
      "id" : "s15-t2",
      "begin" : 508,
      "end" : 512,
      "text" : "your",
      "whiteSpace" : false
    }, {
      "id" : "s15-t3",
      "begin" : 513,
      "end" : 520,
      "text" : "details",
      "whiteSpace" : false
    }, {
      "id" : "s15-t4",
      "begin" : 521,
      "end" : 523,
      "text" : "to",
      "whiteSpace" : false
    }, {
      "id" : "s15-t5",
      "begin" : 524,
      "end" : 531,
      "text" : "fill-in",
      "whiteSpace" : false
    }, {
      "id" : "s15-t6",
      "begin" : 532,
      "end" : 535,
      "text" : "the",
      "whiteSpace" : false
    }, {
      "id" : "s15-t7",
      "begin" : 536,
      "end" : 540,
      "text" : "form",
      "whiteSpace" : false
    }, {
      "id" : "s15-t8",
      "begin" : 540,
      "end" : 541,
      "text" : ".",
      "whiteSpace" : false
    } ]
  }, {
    "id" : "s16",
    "begin" : 542,
    "end" : 568,
    "text" : "Caller: ok\nRep: Your name?",
    "tokens" : [ {
      "id" : "s16-t0",
      "begin" : 542,
      "end" : 548,
      "text" : "Caller",
      "whiteSpace" : false
    }, {
      "id" : "s16-t1",
      "begin" : 548,
      "end" : 549,
      "text" : ":",
      "whiteSpace" : false
    }, {
      "id" : "s16-t2",
      "begin" : 550,
      "end" : 552,
      "text" : "ok",
      "whiteSpace" : false
    }, {
      "id" : "s16-t3",
      "begin" : 553,
      "end" : 556,
      "text" : "Rep",
      "whiteSpace" : false
    }, {
      "id" : "s16-t4",
      "begin" : 556,
      "end" : 557,
      "text" : ":",
      "whiteSpace" : false
    }, {
      "id" : "s16-t5",
      "begin" : 558,
      "end" : 562,
      "text" : "Your",
      "whiteSpace" : false
    }, {
      "id" : "s16-t6",
      "begin" : 563,
      "end" : 567,
      "text" : "name",
      "whiteSpace" : false
    }, {
      "id" : "s16-t7",
      "begin" : 567,
      "end" : 568,
      "text" : "?",
      "whiteSpace" : false
    } ]
  }, {
    "id" : "s17",
    "begin" : 569,
    "end" : 677,
    "text" : "Caller: Ankur ABC\nRep: Your date of birth is\nCaller: it is 23rd May 1987\nRep: and your official email id is?",
    "tokens" : [ {
      "id" : "s17-t0",
      "begin" : 569,
      "end" : 575,
      "text" : "Caller",
      "whiteSpace" : false
    }, {
      "id" : "s17-t1",
      "begin" : 575,
      "end" : 576,
      "text" : ":",
      "whiteSpace" : false
    }, {
      "id" : "s17-t2",
      "begin" : 577,
      "end" : 582,
      "text" : "Ankur",
      "whiteSpace" : false
    }, {
      "id" : "s17-t3",
      "begin" : 583,
      "end" : 586,
      "text" : "ABC",
      "whiteSpace" : false
    }, {
      "id" : "s17-t4",
      "begin" : 587,
      "end" : 590,
      "text" : "Rep",
      "whiteSpace" : false
    }, {
      "id" : "s17-t5",
      "begin" : 590,
      "end" : 591,
      "text" : ":",
      "whiteSpace" : false
    }, {
      "id" : "s17-t6",
      "begin" : 592,
      "end" : 596,
      "text" : "Your",
      "whiteSpace" : false
    }, {
      "id" : "s17-t7",
      "begin" : 597,
      "end" : 601,
      "text" : "date",
      "whiteSpace" : false
    }, {
      "id" : "s17-t8",
      "begin" : 602,
      "end" : 604,
      "text" : "of",
      "whiteSpace" : false
    }, {
      "id" : "s17-t9",
      "begin" : 605,
      "end" : 610,
      "text" : "birth",
      "whiteSpace" : false
    }, {
      "id" : "s17-t10",
      "begin" : 611,
      "end" : 613,
      "text" : "is",
      "whiteSpace" : false
    }, {
      "id" : "s17-t11",
      "begin" : 614,
      "end" : 620,
      "text" : "Caller",
      "whiteSpace" : false
    }, {
      "id" : "s17-t12",
      "begin" : 620,
      "end" : 621,
      "text" : ":",
      "whiteSpace" : false
    }, {
      "id" : "s17-t13",
      "begin" : 622,
      "end" : 624,
      "text" : "it",
      "whiteSpace" : false
    }, {
      "id" : "s17-t14",
      "begin" : 625,
      "end" : 627,
      "text" : "is",
      "whiteSpace" : false
    }, {
      "id" : "s17-t15",
      "begin" : 628,
      "end" : 632,
      "text" : "23rd",
      "whiteSpace" : false
    }, {
      "id" : "s17-t16",
      "begin" : 633,
      "end" : 636,
      "text" : "May",
      "whiteSpace" : false
    }, {
      "id" : "s17-t17",
      "begin" : 637,
      "end" : 641,
      "text" : "1987",
      "whiteSpace" : false
    }, {
      "id" : "s17-t18",
      "begin" : 642,
      "end" : 645,
      "text" : "Rep",
      "whiteSpace" : false
    }, {
      "id" : "s17-t19",
      "begin" : 645,
      "end" : 646,
      "text" : ":",
      "whiteSpace" : false
    }, {
      "id" : "s17-t20",
      "begin" : 647,
      "end" : 650,
      "text" : "and",
      "whiteSpace" : false
    }, {
      "id" : "s17-t21",
      "begin" : 651,
      "end" : 655,
      "text" : "your",
      "whiteSpace" : false
    }, {
      "id" : "s17-t22",
      "begin" : 656,
      "end" : 664,
      "text" : "official",
      "whiteSpace" : false
    }, {
      "id" : "s17-t23",
      "begin" : 665,
      "end" : 670,
      "text" : "email",
      "whiteSpace" : false
    }, {
      "id" : "s17-t24",
      "begin" : 671,
      "end" : 673,
      "text" : "id",
      "whiteSpace" : false
    }, {
      "id" : "s17-t25",
      "begin" : 674,
      "end" : 676,
      "text" : "is",
      "whiteSpace" : false
    }, {
      "id" : "s17-t26",
      "begin" : 676,
      "end" : 677,
      "text" : "?",
      "whiteSpace" : false
    } ]
  }, {
    "id" : "s18",
    "begin" : 678,
    "end" : 758,
    "text" : "Caller: it is ankur@in.ibm.com\nRep: please confirm your company name, is it IBM?",
    "tokens" : [ {
      "id" : "s18-t0",
      "begin" : 678,
      "end" : 684,
      "text" : "Caller",
      "whiteSpace" : false
    }, {
      "id" : "s18-t1",
      "begin" : 684,
      "end" : 685,
      "text" : ":",
      "whiteSpace" : false
    }, {
      "id" : "s18-t2",
      "begin" : 686,
      "end" : 688,
      "text" : "it",
      "whiteSpace" : false
    }, {
      "id" : "s18-t3",
      "begin" : 689,
      "end" : 691,
      "text" : "is",
      "whiteSpace" : false
    }, {
      "id" : "s18-t4",
      "begin" : 692,
      "end" : 708,
      "text" : "ankur@in.ibm.com",
      "whiteSpace" : false
    }, {
      "id" : "s18-t5",
      "begin" : 709,
      "end" : 712,
      "text" : "Rep",
      "whiteSpace" : false
    }, {
      "id" : "s18-t6",
      "begin" : 712,
      "end" : 713,
      "text" : ":",
      "whiteSpace" : false
    }, {
      "id" : "s18-t7",
      "begin" : 714,
      "end" : 720,
      "text" : "please",
      "whiteSpace" : false
    }, {
      "id" : "s18-t8",
      "begin" : 721,
      "end" : 728,
      "text" : "confirm",
      "whiteSpace" : false
    }, {
      "id" : "s18-t9",
      "begin" : 729,
      "end" : 733,
      "text" : "your",
      "whiteSpace" : false
    }, {
      "id" : "s18-t10",
      "begin" : 734,
      "end" : 741,
      "text" : "company",
      "whiteSpace" : false
    }, {
      "id" : "s18-t11",
      "begin" : 742,
      "end" : 746,
      "text" : "name",
      "whiteSpace" : false
    }, {
      "id" : "s18-t12",
      "begin" : 746,
      "end" : 747,
      "text" : ",",
      "whiteSpace" : false
    }, {
      "id" : "s18-t13",
      "begin" : 748,
      "end" : 750,
      "text" : "is",
      "whiteSpace" : false
    }, {
      "id" : "s18-t14",
      "begin" : 751,
      "end" : 753,
      "text" : "it",
      "whiteSpace" : false
    }, {
      "id" : "s18-t15",
      "begin" : 754,
      "end" : 757,
      "text" : "IBM",
      "whiteSpace" : false
    }, {
      "id" : "s18-t16",
      "begin" : 757,
      "end" : 758,
      "text" : "?",
      "whiteSpace" : false
    } ]
  }, {
    "id" : "s19",
    "begin" : 759,
    "end" : 771,
    "text" : "Caller: yes.",
    "tokens" : [ {
      "id" : "s19-t0",
      "begin" : 759,
      "end" : 765,
      "text" : "Caller",
      "whiteSpace" : false
    }, {
      "id" : "s19-t1",
      "begin" : 765,
      "end" : 766,
      "text" : ":",
      "whiteSpace" : false
    }, {
      "id" : "s19-t2",
      "begin" : 767,
      "end" : 770,
      "text" : "yes",
      "whiteSpace" : false
    }, {
      "id" : "s19-t3",
      "begin" : 770,
      "end" : 771,
      "text" : ".",
      "whiteSpace" : false
    } ]
  }, {
    "id" : "s20",
    "begin" : 772,
    "end" : 949,
    "text" : "Rep: and your employee id is:\nCaller: employee ID is 800011\nRep: Please tell your address\nCaller: Its IBM India Pvt Ltd, EGL, Bangalore\nRep: Thank you for providing the details.",
    "tokens" : [ {
      "id" : "s20-t0",
      "begin" : 772,
      "end" : 775,
      "text" : "Rep",
      "whiteSpace" : false
    }, {
      "id" : "s20-t1",
      "begin" : 775,
      "end" : 776,
      "text" : ":",
      "whiteSpace" : false
    }, {
      "id" : "s20-t2",
      "begin" : 777,
      "end" : 780,
      "text" : "and",
      "whiteSpace" : false
    }, {
      "id" : "s20-t3",
      "begin" : 781,
      "end" : 785,
      "text" : "your",
      "whiteSpace" : false
    }, {
      "id" : "s20-t4",
      "begin" : 786,
      "end" : 794,
      "text" : "employee",
      "whiteSpace" : false
    }, {
      "id" : "s20-t5",
      "begin" : 795,
      "end" : 797,
      "text" : "id",
      "whiteSpace" : false
    }, {
      "id" : "s20-t6",
      "begin" : 798,
      "end" : 800,
      "text" : "is",
      "whiteSpace" : false
    }, {
      "id" : "s20-t7",
      "begin" : 800,
      "end" : 801,
      "text" : ":",
      "whiteSpace" : false
    }, {
      "id" : "s20-t8",
      "begin" : 802,
      "end" : 808,
      "text" : "Caller",
      "whiteSpace" : false
    }, {
      "id" : "s20-t9",
      "begin" : 808,
      "end" : 809,
      "text" : ":",
      "whiteSpace" : false
    }, {
      "id" : "s20-t10",
      "begin" : 810,
      "end" : 818,
      "text" : "employee",
      "whiteSpace" : false
    }, {
      "id" : "s20-t11",
      "begin" : 819,
      "end" : 821,
      "text" : "ID",
      "whiteSpace" : false
    }, {
      "id" : "s20-t12",
      "begin" : 822,
      "end" : 824,
      "text" : "is",
      "whiteSpace" : false
    }, {
      "id" : "s20-t13",
      "begin" : 825,
      "end" : 831,
      "text" : "800011",
      "whiteSpace" : false
    }, {
      "id" : "s20-t14",
      "begin" : 832,
      "end" : 835,
      "text" : "Rep",
      "whiteSpace" : false
    }, {
      "id" : "s20-t15",
      "begin" : 835,
      "end" : 836,
      "text" : ":",
      "whiteSpace" : false
    }, {
      "id" : "s20-t16",
      "begin" : 837,
      "end" : 843,
      "text" : "Please",
      "whiteSpace" : false
    }, {
      "id" : "s20-t17",
      "begin" : 844,
      "end" : 848,
      "text" : "tell",
      "whiteSpace" : false
    }, {
      "id" : "s20-t18",
      "begin" : 849,
      "end" : 853,
      "text" : "your",
      "whiteSpace" : false
    }, {
      "id" : "s20-t19",
      "begin" : 854,
      "end" : 861,
      "text" : "address",
      "whiteSpace" : false
    }, {
      "id" : "s20-t20",
      "begin" : 862,
      "end" : 868,
      "text" : "Caller",
      "whiteSpace" : false
    }, {
      "id" : "s20-t21",
      "begin" : 868,
      "end" : 869,
      "text" : ":",
      "whiteSpace" : false
    }, {
      "id" : "s20-t22",
      "begin" : 870,
      "end" : 873,
      "text" : "Its",
      "whiteSpace" : false
    }, {
      "id" : "s20-t23",
      "begin" : 874,
      "end" : 877,
      "text" : "IBM",
      "whiteSpace" : false
    }, {
      "id" : "s20-t24",
      "begin" : 878,
      "end" : 883,
      "text" : "India",
      "whiteSpace" : false
    }, {
      "id" : "s20-t25",
      "begin" : 884,
      "end" : 887,
      "text" : "Pvt",
      "whiteSpace" : false
    }, {
      "id" : "s20-t26",
      "begin" : 888,
      "end" : 891,
      "text" : "Ltd",
      "whiteSpace" : false
    }, {
      "id" : "s20-t27",
      "begin" : 891,
      "end" : 892,
      "text" : ",",
      "whiteSpace" : false
    }, {
      "id" : "s20-t28",
      "begin" : 893,
      "end" : 896,
      "text" : "EGL",
      "whiteSpace" : false
    }, {
      "id" : "s20-t29",
      "begin" : 896,
      "end" : 897,
      "text" : ",",
      "whiteSpace" : false
    }, {
      "id" : "s20-t30",
      "begin" : 898,
      "end" : 907,
      "text" : "Bangalore",
      "whiteSpace" : false
    }, {
      "id" : "s20-t31",
      "begin" : 908,
      "end" : 911,
      "text" : "Rep",
      "whiteSpace" : false
    }, {
      "id" : "s20-t32",
      "begin" : 911,
      "end" : 912,
      "text" : ":",
      "whiteSpace" : false
    }, {
      "id" : "s20-t33",
      "begin" : 913,
      "end" : 918,
      "text" : "Thank",
      "whiteSpace" : false
    }, {
      "id" : "s20-t34",
      "begin" : 919,
      "end" : 922,
      "text" : "you",
      "whiteSpace" : false
    }, {
      "id" : "s20-t35",
      "begin" : 923,
      "end" : 926,
      "text" : "for",
      "whiteSpace" : false
    }, {
      "id" : "s20-t36",
      "begin" : 927,
      "end" : 936,
      "text" : "providing",
      "whiteSpace" : false
    }, {
      "id" : "s20-t37",
      "begin" : 937,
      "end" : 940,
      "text" : "the",
      "whiteSpace" : false
    }, {
      "id" : "s20-t38",
      "begin" : 941,
      "end" : 948,
      "text" : "details",
      "whiteSpace" : false
    }, {
      "id" : "s20-t39",
      "begin" : 948,
      "end" : 949,
      "text" : ".",
      "whiteSpace" : false
    } ]
  }, {
    "id" : "s21",
    "begin" : 950,
    "end" : 995,
    "text" : "Service request has been raised for the same.",
    "tokens" : [ {
      "id" : "s21-t0",
      "begin" : 950,
      "end" : 957,
      "text" : "Service",
      "whiteSpace" : false
    }, {
      "id" : "s21-t1",
      "begin" : 958,
      "end" : 965,
      "text" : "request",
      "whiteSpace" : false
    }, {
      "id" : "s21-t2",
      "begin" : 966,
      "end" : 969,
      "text" : "has",
      "whiteSpace" : false
    }, {
      "id" : "s21-t3",
      "begin" : 970,
      "end" : 974,
      "text" : "been",
      "whiteSpace" : false
    }, {
      "id" : "s21-t4",
      "begin" : 975,
      "end" : 981,
      "text" : "raised",
      "whiteSpace" : false
    }, {
      "id" : "s21-t5",
      "begin" : 982,
      "end" : 985,
      "text" : "for",
      "whiteSpace" : false
    }, {
      "id" : "s21-t6",
      "begin" : 986,
      "end" : 989,
      "text" : "the",
      "whiteSpace" : false
    }, {
      "id" : "s21-t7",
      "begin" : 990,
      "end" : 994,
      "text" : "same",
      "whiteSpace" : false
    }, {
      "id" : "s21-t8",
      "begin" : 994,
      "end" : 995,
      "text" : ".",
      "whiteSpace" : false
    } ]
  }, {
    "id" : "s22",
    "begin" : 996,
    "end" : 1040,
    "text" : "You will get a verification call in 3 hours.",
    "tokens" : [ {
      "id" : "s22-t0",
      "begin" : 996,
      "end" : 999,
      "text" : "You",
      "whiteSpace" : false
    }, {
      "id" : "s22-t1",
      "begin" : 1000,
      "end" : 1004,
      "text" : "will",
      "whiteSpace" : false
    }, {
      "id" : "s22-t2",
      "begin" : 1005,
      "end" : 1008,
      "text" : "get",
      "whiteSpace" : false
    }, {
      "id" : "s22-t3",
      "begin" : 1009,
      "end" : 1010,
      "text" : "a",
      "whiteSpace" : false
    }, {
      "id" : "s22-t4",
      "begin" : 1011,
      "end" : 1023,
      "text" : "verification",
      "whiteSpace" : false
    }, {
      "id" : "s22-t5",
      "begin" : 1024,
      "end" : 1028,
      "text" : "call",
      "whiteSpace" : false
    }, {
      "id" : "s22-t6",
      "begin" : 1029,
      "end" : 1031,
      "text" : "in",
      "whiteSpace" : false
    }, {
      "id" : "s22-t7",
      "begin" : 1032,
      "end" : 1033,
      "text" : "3",
      "whiteSpace" : false
    }, {
      "id" : "s22-t8",
      "begin" : 1034,
      "end" : 1039,
      "text" : "hours",
      "whiteSpace" : false
    }, {
      "id" : "s22-t9",
      "begin" : 1039,
      "end" : 1040,
      "text" : ".",
      "whiteSpace" : false
    } ]
  }, {
    "id" : "s23",
    "begin" : 1041,
    "end" : 1078,
    "text" : "and then it will be delivered to you.",
    "tokens" : [ {
      "id" : "s23-t0",
      "begin" : 1041,
      "end" : 1044,
      "text" : "and",
      "whiteSpace" : false
    }, {
      "id" : "s23-t1",
      "begin" : 1045,
      "end" : 1049,
      "text" : "then",
      "whiteSpace" : false
    }, {
      "id" : "s23-t2",
      "begin" : 1050,
      "end" : 1052,
      "text" : "it",
      "whiteSpace" : false
    }, {
      "id" : "s23-t3",
      "begin" : 1053,
      "end" : 1057,
      "text" : "will",
      "whiteSpace" : false
    }, {
      "id" : "s23-t4",
      "begin" : 1058,
      "end" : 1060,
      "text" : "be",
      "whiteSpace" : false
    }, {
      "id" : "s23-t5",
      "begin" : 1061,
      "end" : 1070,
      "text" : "delivered",
      "whiteSpace" : false
    }, {
      "id" : "s23-t6",
      "begin" : 1071,
      "end" : 1073,
      "text" : "to",
      "whiteSpace" : false
    }, {
      "id" : "s23-t7",
      "begin" : 1074,
      "end" : 1077,
      "text" : "you",
      "whiteSpace" : false
    }, {
      "id" : "s23-t8",
      "begin" : 1077,
      "end" : 1078,
      "text" : ".",
      "whiteSpace" : false
    } ]
  }, {
    "id" : "s24",
    "begin" : 1079,
    "end" : 1176,
    "text" : "Rep: Is there anything else that I can help you with\nCaller: No\nRep: Thanks for calling Vodafone.",
    "tokens" : [ {
      "id" : "s24-t0",
      "begin" : 1079,
      "end" : 1082,
      "text" : "Rep",
      "whiteSpace" : false
    }, {
      "id" : "s24-t1",
      "begin" : 1082,
      "end" : 1083,
      "text" : ":",
      "whiteSpace" : false
    }, {
      "id" : "s24-t2",
      "begin" : 1084,
      "end" : 1086,
      "text" : "Is",
      "whiteSpace" : false
    }, {
      "id" : "s24-t3",
      "begin" : 1087,
      "end" : 1092,
      "text" : "there",
      "whiteSpace" : false
    }, {
      "id" : "s24-t4",
      "begin" : 1093,
      "end" : 1101,
      "text" : "anything",
      "whiteSpace" : false
    }, {
      "id" : "s24-t5",
      "begin" : 1102,
      "end" : 1106,
      "text" : "else",
      "whiteSpace" : false
    }, {
      "id" : "s24-t6",
      "begin" : 1107,
      "end" : 1111,
      "text" : "that",
      "whiteSpace" : false
    }, {
      "id" : "s24-t7",
      "begin" : 1112,
      "end" : 1113,
      "text" : "I",
      "whiteSpace" : false
    }, {
      "id" : "s24-t8",
      "begin" : 1114,
      "end" : 1117,
      "text" : "can",
      "whiteSpace" : false
    }, {
      "id" : "s24-t9",
      "begin" : 1118,
      "end" : 1122,
      "text" : "help",
      "whiteSpace" : false
    }, {
      "id" : "s24-t10",
      "begin" : 1123,
      "end" : 1126,
      "text" : "you",
      "whiteSpace" : false
    }, {
      "id" : "s24-t11",
      "begin" : 1127,
      "end" : 1131,
      "text" : "with",
      "whiteSpace" : false
    }, {
      "id" : "s24-t12",
      "begin" : 1132,
      "end" : 1138,
      "text" : "Caller",
      "whiteSpace" : false
    }, {
      "id" : "s24-t13",
      "begin" : 1138,
      "end" : 1139,
      "text" : ":",
      "whiteSpace" : false
    }, {
      "id" : "s24-t14",
      "begin" : 1140,
      "end" : 1142,
      "text" : "No",
      "whiteSpace" : false
    }, {
      "id" : "s24-t15",
      "begin" : 1143,
      "end" : 1146,
      "text" : "Rep",
      "whiteSpace" : false
    }, {
      "id" : "s24-t16",
      "begin" : 1146,
      "end" : 1147,
      "text" : ":",
      "whiteSpace" : false
    }, {
      "id" : "s24-t17",
      "begin" : 1148,
      "end" : 1154,
      "text" : "Thanks",
      "whiteSpace" : false
    }, {
      "id" : "s24-t18",
      "begin" : 1155,
      "end" : 1158,
      "text" : "for",
      "whiteSpace" : false
    }, {
      "id" : "s24-t19",
      "begin" : 1159,
      "end" : 1166,
      "text" : "calling",
      "whiteSpace" : false
    }, {
      "id" : "s24-t20",
      "begin" : 1167,
      "end" : 1175,
      "text" : "Vodafone",
      "whiteSpace" : false
    }, {
      "id" : "s24-t21",
      "begin" : 1175,
      "end" : 1176,
      "text" : ".",
      "whiteSpace" : false
    } ]
  }, {
    "id" : "s25",
    "begin" : 1177,
    "end" : 1193,
    "text" : "Have a good day.",
    "tokens" : [ {
      "id" : "s25-t0",
      "begin" : 1177,
      "end" : 1181,
      "text" : "Have",
      "whiteSpace" : false
    }, {
      "id" : "s25-t1",
      "begin" : 1182,
      "end" : 1183,
      "text" : "a",
      "whiteSpace" : false
    }, {
      "id" : "s25-t2",
      "begin" : 1184,
      "end" : 1188,
      "text" : "good",
      "whiteSpace" : false
    }, {
      "id" : "s25-t3",
      "begin" : 1189,
      "end" : 1192,
      "text" : "day",
      "whiteSpace" : false
    }, {
      "id" : "s25-t4",
      "begin" : 1192,
      "end" : 1193,
      "text" : ".",
      "whiteSpace" : false
    } ]
  } ],
  "mentions" : [ {
    "id" : "s2-m1",
    "properties" : {
      "SIRE_MENTION_ROLE" : "name",
      "SIRE_ENTITY_SUBTYPE" : "NONE",
      "SIRE_MENTION_TYPE" : "NONE",
      "SIRE_MENTION_CLASS" : "SPC"
    },
    "type" : "name",
    "begin" : 56,
    "end" : 61,
    "inCoref" : false
  }, {
    "id" : "s7-m1",
    "properties" : {
      "SIRE_MENTION_ROLE" : "company",
      "SIRE_ENTITY_SUBTYPE" : "NONE",
      "SIRE_MENTION_TYPE" : "NONE",
      "SIRE_MENTION_CLASS" : "SPC"
    },
    "type" : "company",
    "begin" : 243,
    "end" : 246,
    "inCoref" : false
  }, {
    "id" : "s17-m1",
    "properties" : {
      "SIRE_MENTION_ROLE" : "name",
      "SIRE_ENTITY_SUBTYPE" : "NONE",
      "SIRE_MENTION_TYPE" : "NONE",
      "SIRE_MENTION_CLASS" : "SPC"
    },
    "type" : "name",
    "begin" : 577,
    "end" : 586,
    "inCoref" : false
  }, {
    "id" : "s17-m2",
    "properties" : {
      "SIRE_MENTION_ROLE" : "dob",
      "SIRE_ENTITY_SUBTYPE" : "NONE",
      "SIRE_MENTION_TYPE" : "NONE",
      "SIRE_MENTION_CLASS" : "SPC"
    },
    "type" : "dob",
    "begin" : 628,
    "end" : 641,
    "inCoref" : false
  }, {
    "id" : "s18-m1",
    "properties" : {
      "SIRE_MENTION_ROLE" : "emailid",
      "SIRE_ENTITY_SUBTYPE" : "NONE",
      "SIRE_MENTION_TYPE" : "NONE",
      "SIRE_MENTION_CLASS" : "SPC"
    },
    "type" : "emailid",
    "begin" : 692,
    "end" : 708,
    "inCoref" : false
  }, {
    "id" : "s18-m2",
    "properties" : {
      "SIRE_MENTION_ROLE" : "company",
      "SIRE_ENTITY_SUBTYPE" : "NONE",
      "SIRE_MENTION_TYPE" : "NONE",
      "SIRE_MENTION_CLASS" : "SPC"
    },
    "type" : "company",
    "begin" : 754,
    "end" : 757,
    "inCoref" : false
  }, {
    "id" : "s20-m1",
    "properties" : {
      "SIRE_MENTION_ROLE" : "employeeid",
      "SIRE_ENTITY_SUBTYPE" : "NONE",
      "SIRE_MENTION_TYPE" : "NONE",
      "SIRE_MENTION_CLASS" : "SPC"
    },
    "type" : "employeeid",
    "begin" : 825,
    "end" : 831,
    "inCoref" : false
  }, {
    "id" : "s20-m2",
    "properties" : {
      "SIRE_MENTION_ROLE" : "address",
      "SIRE_ENTITY_SUBTYPE" : "NONE",
      "SIRE_MENTION_TYPE" : "NONE",
      "SIRE_MENTION_CLASS" : "SPC"
    },
    "type" : "address",
    "begin" : 874,
    "end" : 907,
    "inCoref" : false
  } ],
  "relations" : [ ],
  "corefs" : [ ],
  "typeResolved" : true,
  "userResolved" : false
}