{
  "id" : "906400d0-a1cd-11e7-95d4-13de3d82fddb-0",
  "name" : "Balaji3.txt",
  "version" : 3,
  "text" : "Rep: This is Priya. How can I help you?\nCaller: This is John. There is an issue in the billing for this month.\nRep: Sure, I can help you.  For verification purpose may I know your date of birth and email id\nCaller: It is nineteen seventy nine August tenth and my email id is john@gmail.com\nRep: Thanks for the information. Could you explain the problem.\nCaller: There is a charge for caller tune service that I did not request.\nRep: This is added by default. I can take a request to remove the addition.\nCaller: Sure, could you remove it and correct my billing.\nRep:The changes will be reflected in next months bill. Is there anything else that I can help you with\nCaller: No\nRep: Thanks for calling Vodaphone. Have a good day.\nCaller: you too\n",
  "docLength" : 0,
  "language" : "EN",
  "status" : "SUBMITTED",
  "modifiedDate" : 1506329530659,
  "documentSet" : [ ],
  "preannotation" : [ ],
  "sentences" : [ {
    "id" : "s0",
    "begin" : 0,
    "end" : 19,
    "text" : "Rep: This is Priya.",
    "tokens" : [ {
      "id" : "s0-t0",
      "begin" : 0,
      "end" : 3,
      "text" : "Rep",
      "whiteSpace" : false
    }, {
      "id" : "s0-t1",
      "begin" : 3,
      "end" : 4,
      "text" : ":",
      "whiteSpace" : false
    }, {
      "id" : "s0-t2",
      "begin" : 5,
      "end" : 9,
      "text" : "This",
      "whiteSpace" : false
    }, {
      "id" : "s0-t3",
      "begin" : 10,
      "end" : 12,
      "text" : "is",
      "whiteSpace" : false
    }, {
      "id" : "s0-t4",
      "begin" : 13,
      "end" : 18,
      "text" : "Priya",
      "whiteSpace" : false
    }, {
      "id" : "s0-t5",
      "begin" : 18,
      "end" : 19,
      "text" : ".",
      "whiteSpace" : false
    } ]
  }, {
    "id" : "s1",
    "begin" : 20,
    "end" : 39,
    "text" : "How can I help you?",
    "tokens" : [ {
      "id" : "s1-t0",
      "begin" : 20,
      "end" : 23,
      "text" : "How",
      "whiteSpace" : false
    }, {
      "id" : "s1-t1",
      "begin" : 24,
      "end" : 27,
      "text" : "can",
      "whiteSpace" : false
    }, {
      "id" : "s1-t2",
      "begin" : 28,
      "end" : 29,
      "text" : "I",
      "whiteSpace" : false
    }, {
      "id" : "s1-t3",
      "begin" : 30,
      "end" : 34,
      "text" : "help",
      "whiteSpace" : false
    }, {
      "id" : "s1-t4",
      "begin" : 35,
      "end" : 38,
      "text" : "you",
      "whiteSpace" : false
    }, {
      "id" : "s1-t5",
      "begin" : 38,
      "end" : 39,
      "text" : "?",
      "whiteSpace" : false
    } ]
  }, {
    "id" : "s2",
    "begin" : 40,
    "end" : 61,
    "text" : "Caller: This is John.",
    "tokens" : [ {
      "id" : "s2-t0",
      "begin" : 40,
      "end" : 46,
      "text" : "Caller",
      "whiteSpace" : false
    }, {
      "id" : "s2-t1",
      "begin" : 46,
      "end" : 47,
      "text" : ":",
      "whiteSpace" : false
    }, {
      "id" : "s2-t2",
      "begin" : 48,
      "end" : 52,
      "text" : "This",
      "whiteSpace" : false
    }, {
      "id" : "s2-t3",
      "begin" : 53,
      "end" : 55,
      "text" : "is",
      "whiteSpace" : false
    }, {
      "id" : "s2-t4",
      "begin" : 56,
      "end" : 60,
      "text" : "John",
      "whiteSpace" : false
    }, {
      "id" : "s2-t5",
      "begin" : 60,
      "end" : 61,
      "text" : ".",
      "whiteSpace" : false
    } ]
  }, {
    "id" : "s3",
    "begin" : 62,
    "end" : 110,
    "text" : "There is an issue in the billing for this month.",
    "tokens" : [ {
      "id" : "s3-t0",
      "begin" : 62,
      "end" : 67,
      "text" : "There",
      "whiteSpace" : false
    }, {
      "id" : "s3-t1",
      "begin" : 68,
      "end" : 70,
      "text" : "is",
      "whiteSpace" : false
    }, {
      "id" : "s3-t2",
      "begin" : 71,
      "end" : 73,
      "text" : "an",
      "whiteSpace" : false
    }, {
      "id" : "s3-t3",
      "begin" : 74,
      "end" : 79,
      "text" : "issue",
      "whiteSpace" : false
    }, {
      "id" : "s3-t4",
      "begin" : 80,
      "end" : 82,
      "text" : "in",
      "whiteSpace" : false
    }, {
      "id" : "s3-t5",
      "begin" : 83,
      "end" : 86,
      "text" : "the",
      "whiteSpace" : false
    }, {
      "id" : "s3-t6",
      "begin" : 87,
      "end" : 94,
      "text" : "billing",
      "whiteSpace" : false
    }, {
      "id" : "s3-t7",
      "begin" : 95,
      "end" : 98,
      "text" : "for",
      "whiteSpace" : false
    }, {
      "id" : "s3-t8",
      "begin" : 99,
      "end" : 103,
      "text" : "this",
      "whiteSpace" : false
    }, {
      "id" : "s3-t9",
      "begin" : 104,
      "end" : 109,
      "text" : "month",
      "whiteSpace" : false
    }, {
      "id" : "s3-t10",
      "begin" : 109,
      "end" : 110,
      "text" : ".",
      "whiteSpace" : false
    } ]
  }, {
    "id" : "s4",
    "begin" : 111,
    "end" : 137,
    "text" : "Rep: Sure, I can help you.",
    "tokens" : [ {
      "id" : "s4-t0",
      "begin" : 111,
      "end" : 114,
      "text" : "Rep",
      "whiteSpace" : false
    }, {
      "id" : "s4-t1",
      "begin" : 114,
      "end" : 115,
      "text" : ":",
      "whiteSpace" : false
    }, {
      "id" : "s4-t2",
      "begin" : 116,
      "end" : 120,
      "text" : "Sure",
      "whiteSpace" : false
    }, {
      "id" : "s4-t3",
      "begin" : 120,
      "end" : 121,
      "text" : ",",
      "whiteSpace" : false
    }, {
      "id" : "s4-t4",
      "begin" : 122,
      "end" : 123,
      "text" : "I",
      "whiteSpace" : false
    }, {
      "id" : "s4-t5",
      "begin" : 124,
      "end" : 127,
      "text" : "can",
      "whiteSpace" : false
    }, {
      "id" : "s4-t6",
      "begin" : 128,
      "end" : 132,
      "text" : "help",
      "whiteSpace" : false
    }, {
      "id" : "s4-t7",
      "begin" : 133,
      "end" : 136,
      "text" : "you",
      "whiteSpace" : false
    }, {
      "id" : "s4-t8",
      "begin" : 136,
      "end" : 137,
      "text" : ".",
      "whiteSpace" : false
    } ]
  }, {
    "id" : "s5",
    "begin" : 139,
    "end" : 322,
    "text" : "For verification purpose may I know your date of birth and email id\nCaller: It is nineteen seventy nine August tenth and my email id is john@gmail.com\nRep: Thanks for the information.",
    "tokens" : [ {
      "id" : "s5-t0",
      "begin" : 139,
      "end" : 142,
      "text" : "For",
      "whiteSpace" : false
    }, {
      "id" : "s5-t1",
      "begin" : 143,
      "end" : 155,
      "text" : "verification",
      "whiteSpace" : false
    }, {
      "id" : "s5-t2",
      "begin" : 156,
      "end" : 163,
      "text" : "purpose",
      "whiteSpace" : false
    }, {
      "id" : "s5-t3",
      "begin" : 164,
      "end" : 167,
      "text" : "may",
      "whiteSpace" : false
    }, {
      "id" : "s5-t4",
      "begin" : 168,
      "end" : 169,
      "text" : "I",
      "whiteSpace" : false
    }, {
      "id" : "s5-t5",
      "begin" : 170,
      "end" : 174,
      "text" : "know",
      "whiteSpace" : false
    }, {
      "id" : "s5-t6",
      "begin" : 175,
      "end" : 179,
      "text" : "your",
      "whiteSpace" : false
    }, {
      "id" : "s5-t7",
      "begin" : 180,
      "end" : 184,
      "text" : "date",
      "whiteSpace" : false
    }, {
      "id" : "s5-t8",
      "begin" : 185,
      "end" : 187,
      "text" : "of",
      "whiteSpace" : false
    }, {
      "id" : "s5-t9",
      "begin" : 188,
      "end" : 193,
      "text" : "birth",
      "whiteSpace" : false
    }, {
      "id" : "s5-t10",
      "begin" : 194,
      "end" : 197,
      "text" : "and",
      "whiteSpace" : false
    }, {
      "id" : "s5-t11",
      "begin" : 198,
      "end" : 203,
      "text" : "email",
      "whiteSpace" : false
    }, {
      "id" : "s5-t12",
      "begin" : 204,
      "end" : 206,
      "text" : "id",
      "whiteSpace" : false
    }, {
      "id" : "s5-t13",
      "begin" : 207,
      "end" : 213,
      "text" : "Caller",
      "whiteSpace" : false
    }, {
      "id" : "s5-t14",
      "begin" : 213,
      "end" : 214,
      "text" : ":",
      "whiteSpace" : false
    }, {
      "id" : "s5-t15",
      "begin" : 215,
      "end" : 217,
      "text" : "It",
      "whiteSpace" : false
    }, {
      "id" : "s5-t16",
      "begin" : 218,
      "end" : 220,
      "text" : "is",
      "whiteSpace" : false
    }, {
      "id" : "s5-t17",
      "begin" : 221,
      "end" : 229,
      "text" : "nineteen",
      "whiteSpace" : false
    }, {
      "id" : "s5-t18",
      "begin" : 230,
      "end" : 237,
      "text" : "seventy",
      "whiteSpace" : false
    }, {
      "id" : "s5-t19",
      "begin" : 238,
      "end" : 242,
      "text" : "nine",
      "whiteSpace" : false
    }, {
      "id" : "s5-t20",
      "begin" : 243,
      "end" : 249,
      "text" : "August",
      "whiteSpace" : false
    }, {
      "id" : "s5-t21",
      "begin" : 250,
      "end" : 255,
      "text" : "tenth",
      "whiteSpace" : false
    }, {
      "id" : "s5-t22",
      "begin" : 256,
      "end" : 259,
      "text" : "and",
      "whiteSpace" : false
    }, {
      "id" : "s5-t23",
      "begin" : 260,
      "end" : 262,
      "text" : "my",
      "whiteSpace" : false
    }, {
      "id" : "s5-t24",
      "begin" : 263,
      "end" : 268,
      "text" : "email",
      "whiteSpace" : false
    }, {
      "id" : "s5-t25",
      "begin" : 269,
      "end" : 271,
      "text" : "id",
      "whiteSpace" : false
    }, {
      "id" : "s5-t26",
      "begin" : 272,
      "end" : 274,
      "text" : "is",
      "whiteSpace" : false
    }, {
      "id" : "s5-t27",
      "begin" : 275,
      "end" : 289,
      "text" : "john@gmail.com",
      "whiteSpace" : false
    }, {
      "id" : "s5-t28",
      "begin" : 290,
      "end" : 293,
      "text" : "Rep",
      "whiteSpace" : false
    }, {
      "id" : "s5-t29",
      "begin" : 293,
      "end" : 294,
      "text" : ":",
      "whiteSpace" : false
    }, {
      "id" : "s5-t30",
      "begin" : 295,
      "end" : 301,
      "text" : "Thanks",
      "whiteSpace" : false
    }, {
      "id" : "s5-t31",
      "begin" : 302,
      "end" : 305,
      "text" : "for",
      "whiteSpace" : false
    }, {
      "id" : "s5-t32",
      "begin" : 306,
      "end" : 309,
      "text" : "the",
      "whiteSpace" : false
    }, {
      "id" : "s5-t33",
      "begin" : 310,
      "end" : 321,
      "text" : "information",
      "whiteSpace" : false
    }, {
      "id" : "s5-t34",
      "begin" : 321,
      "end" : 322,
      "text" : ".",
      "whiteSpace" : false
    } ]
  }, {
    "id" : "s6",
    "begin" : 323,
    "end" : 353,
    "text" : "Could you explain the problem.",
    "tokens" : [ {
      "id" : "s6-t0",
      "begin" : 323,
      "end" : 328,
      "text" : "Could",
      "whiteSpace" : false
    }, {
      "id" : "s6-t1",
      "begin" : 329,
      "end" : 332,
      "text" : "you",
      "whiteSpace" : false
    }, {
      "id" : "s6-t2",
      "begin" : 333,
      "end" : 340,
      "text" : "explain",
      "whiteSpace" : false
    }, {
      "id" : "s6-t3",
      "begin" : 341,
      "end" : 344,
      "text" : "the",
      "whiteSpace" : false
    }, {
      "id" : "s6-t4",
      "begin" : 345,
      "end" : 352,
      "text" : "problem",
      "whiteSpace" : false
    }, {
      "id" : "s6-t5",
      "begin" : 352,
      "end" : 353,
      "text" : ".",
      "whiteSpace" : false
    } ]
  }, {
    "id" : "s7",
    "begin" : 354,
    "end" : 427,
    "text" : "Caller: There is a charge for caller tune service that I did not request.",
    "tokens" : [ {
      "id" : "s7-t0",
      "begin" : 354,
      "end" : 360,
      "text" : "Caller",
      "whiteSpace" : false
    }, {
      "id" : "s7-t1",
      "begin" : 360,
      "end" : 361,
      "text" : ":",
      "whiteSpace" : false
    }, {
      "id" : "s7-t2",
      "begin" : 362,
      "end" : 367,
      "text" : "There",
      "whiteSpace" : false
    }, {
      "id" : "s7-t3",
      "begin" : 368,
      "end" : 370,
      "text" : "is",
      "whiteSpace" : false
    }, {
      "id" : "s7-t4",
      "begin" : 371,
      "end" : 372,
      "text" : "a",
      "whiteSpace" : false
    }, {
      "id" : "s7-t5",
      "begin" : 373,
      "end" : 379,
      "text" : "charge",
      "whiteSpace" : false
    }, {
      "id" : "s7-t6",
      "begin" : 380,
      "end" : 383,
      "text" : "for",
      "whiteSpace" : false
    }, {
      "id" : "s7-t7",
      "begin" : 384,
      "end" : 390,
      "text" : "caller",
      "whiteSpace" : false
    }, {
      "id" : "s7-t8",
      "begin" : 391,
      "end" : 395,
      "text" : "tune",
      "whiteSpace" : false
    }, {
      "id" : "s7-t9",
      "begin" : 396,
      "end" : 403,
      "text" : "service",
      "whiteSpace" : false
    }, {
      "id" : "s7-t10",
      "begin" : 404,
      "end" : 408,
      "text" : "that",
      "whiteSpace" : false
    }, {
      "id" : "s7-t11",
      "begin" : 409,
      "end" : 410,
      "text" : "I",
      "whiteSpace" : false
    }, {
      "id" : "s7-t12",
      "begin" : 411,
      "end" : 414,
      "text" : "did",
      "whiteSpace" : false
    }, {
      "id" : "s7-t13",
      "begin" : 415,
      "end" : 418,
      "text" : "not",
      "whiteSpace" : false
    }, {
      "id" : "s7-t14",
      "begin" : 419,
      "end" : 426,
      "text" : "request",
      "whiteSpace" : false
    }, {
      "id" : "s7-t15",
      "begin" : 426,
      "end" : 427,
      "text" : ".",
      "whiteSpace" : false
    } ]
  }, {
    "id" : "s8",
    "begin" : 428,
    "end" : 458,
    "text" : "Rep: This is added by default.",
    "tokens" : [ {
      "id" : "s8-t0",
      "begin" : 428,
      "end" : 431,
      "text" : "Rep",
      "whiteSpace" : false
    }, {
      "id" : "s8-t1",
      "begin" : 431,
      "end" : 432,
      "text" : ":",
      "whiteSpace" : false
    }, {
      "id" : "s8-t2",
      "begin" : 433,
      "end" : 437,
      "text" : "This",
      "whiteSpace" : false
    }, {
      "id" : "s8-t3",
      "begin" : 438,
      "end" : 440,
      "text" : "is",
      "whiteSpace" : false
    }, {
      "id" : "s8-t4",
      "begin" : 441,
      "end" : 446,
      "text" : "added",
      "whiteSpace" : false
    }, {
      "id" : "s8-t5",
      "begin" : 447,
      "end" : 449,
      "text" : "by",
      "whiteSpace" : false
    }, {
      "id" : "s8-t6",
      "begin" : 450,
      "end" : 457,
      "text" : "default",
      "whiteSpace" : false
    }, {
      "id" : "s8-t7",
      "begin" : 457,
      "end" : 458,
      "text" : ".",
      "whiteSpace" : false
    } ]
  }, {
    "id" : "s9",
    "begin" : 459,
    "end" : 503,
    "text" : "I can take a request to remove the addition.",
    "tokens" : [ {
      "id" : "s9-t0",
      "begin" : 459,
      "end" : 460,
      "text" : "I",
      "whiteSpace" : false
    }, {
      "id" : "s9-t1",
      "begin" : 461,
      "end" : 464,
      "text" : "can",
      "whiteSpace" : false
    }, {
      "id" : "s9-t2",
      "begin" : 465,
      "end" : 469,
      "text" : "take",
      "whiteSpace" : false
    }, {
      "id" : "s9-t3",
      "begin" : 470,
      "end" : 471,
      "text" : "a",
      "whiteSpace" : false
    }, {
      "id" : "s9-t4",
      "begin" : 472,
      "end" : 479,
      "text" : "request",
      "whiteSpace" : false
    }, {
      "id" : "s9-t5",
      "begin" : 480,
      "end" : 482,
      "text" : "to",
      "whiteSpace" : false
    }, {
      "id" : "s9-t6",
      "begin" : 483,
      "end" : 489,
      "text" : "remove",
      "whiteSpace" : false
    }, {
      "id" : "s9-t7",
      "begin" : 490,
      "end" : 493,
      "text" : "the",
      "whiteSpace" : false
    }, {
      "id" : "s9-t8",
      "begin" : 494,
      "end" : 502,
      "text" : "addition",
      "whiteSpace" : false
    }, {
      "id" : "s9-t9",
      "begin" : 502,
      "end" : 503,
      "text" : ".",
      "whiteSpace" : false
    } ]
  }, {
    "id" : "s10",
    "begin" : 504,
    "end" : 561,
    "text" : "Caller: Sure, could you remove it and correct my billing.",
    "tokens" : [ {
      "id" : "s10-t0",
      "begin" : 504,
      "end" : 510,
      "text" : "Caller",
      "whiteSpace" : false
    }, {
      "id" : "s10-t1",
      "begin" : 510,
      "end" : 511,
      "text" : ":",
      "whiteSpace" : false
    }, {
      "id" : "s10-t2",
      "begin" : 512,
      "end" : 516,
      "text" : "Sure",
      "whiteSpace" : false
    }, {
      "id" : "s10-t3",
      "begin" : 516,
      "end" : 517,
      "text" : ",",
      "whiteSpace" : false
    }, {
      "id" : "s10-t4",
      "begin" : 518,
      "end" : 523,
      "text" : "could",
      "whiteSpace" : false
    }, {
      "id" : "s10-t5",
      "begin" : 524,
      "end" : 527,
      "text" : "you",
      "whiteSpace" : false
    }, {
      "id" : "s10-t6",
      "begin" : 528,
      "end" : 534,
      "text" : "remove",
      "whiteSpace" : false
    }, {
      "id" : "s10-t7",
      "begin" : 535,
      "end" : 537,
      "text" : "it",
      "whiteSpace" : false
    }, {
      "id" : "s10-t8",
      "begin" : 538,
      "end" : 541,
      "text" : "and",
      "whiteSpace" : false
    }, {
      "id" : "s10-t9",
      "begin" : 542,
      "end" : 549,
      "text" : "correct",
      "whiteSpace" : false
    }, {
      "id" : "s10-t10",
      "begin" : 550,
      "end" : 552,
      "text" : "my",
      "whiteSpace" : false
    }, {
      "id" : "s10-t11",
      "begin" : 553,
      "end" : 560,
      "text" : "billing",
      "whiteSpace" : false
    }, {
      "id" : "s10-t12",
      "begin" : 560,
      "end" : 561,
      "text" : ".",
      "whiteSpace" : false
    } ]
  }, {
    "id" : "s11",
    "begin" : 562,
    "end" : 616,
    "text" : "Rep:The changes will be reflected in next months bill.",
    "tokens" : [ {
      "id" : "s11-t0",
      "begin" : 562,
      "end" : 565,
      "text" : "Rep",
      "whiteSpace" : false
    }, {
      "id" : "s11-t1",
      "begin" : 565,
      "end" : 566,
      "text" : ":",
      "whiteSpace" : false
    }, {
      "id" : "s11-t2",
      "begin" : 566,
      "end" : 569,
      "text" : "The",
      "whiteSpace" : false
    }, {
      "id" : "s11-t3",
      "begin" : 570,
      "end" : 577,
      "text" : "changes",
      "whiteSpace" : false
    }, {
      "id" : "s11-t4",
      "begin" : 578,
      "end" : 582,
      "text" : "will",
      "whiteSpace" : false
    }, {
      "id" : "s11-t5",
      "begin" : 583,
      "end" : 585,
      "text" : "be",
      "whiteSpace" : false
    }, {
      "id" : "s11-t6",
      "begin" : 586,
      "end" : 595,
      "text" : "reflected",
      "whiteSpace" : false
    }, {
      "id" : "s11-t7",
      "begin" : 596,
      "end" : 598,
      "text" : "in",
      "whiteSpace" : false
    }, {
      "id" : "s11-t8",
      "begin" : 599,
      "end" : 603,
      "text" : "next",
      "whiteSpace" : false
    }, {
      "id" : "s11-t9",
      "begin" : 604,
      "end" : 610,
      "text" : "months",
      "whiteSpace" : false
    }, {
      "id" : "s11-t10",
      "begin" : 611,
      "end" : 615,
      "text" : "bill",
      "whiteSpace" : false
    }, {
      "id" : "s11-t11",
      "begin" : 615,
      "end" : 616,
      "text" : ".",
      "whiteSpace" : false
    } ]
  }, {
    "id" : "s12",
    "begin" : 617,
    "end" : 710,
    "text" : "Is there anything else that I can help you with\nCaller: No\nRep: Thanks for calling Vodaphone.",
    "tokens" : [ {
      "id" : "s12-t0",
      "begin" : 617,
      "end" : 619,
      "text" : "Is",
      "whiteSpace" : false
    }, {
      "id" : "s12-t1",
      "begin" : 620,
      "end" : 625,
      "text" : "there",
      "whiteSpace" : false
    }, {
      "id" : "s12-t2",
      "begin" : 626,
      "end" : 634,
      "text" : "anything",
      "whiteSpace" : false
    }, {
      "id" : "s12-t3",
      "begin" : 635,
      "end" : 639,
      "text" : "else",
      "whiteSpace" : false
    }, {
      "id" : "s12-t4",
      "begin" : 640,
      "end" : 644,
      "text" : "that",
      "whiteSpace" : false
    }, {
      "id" : "s12-t5",
      "begin" : 645,
      "end" : 646,
      "text" : "I",
      "whiteSpace" : false
    }, {
      "id" : "s12-t6",
      "begin" : 647,
      "end" : 650,
      "text" : "can",
      "whiteSpace" : false
    }, {
      "id" : "s12-t7",
      "begin" : 651,
      "end" : 655,
      "text" : "help",
      "whiteSpace" : false
    }, {
      "id" : "s12-t8",
      "begin" : 656,
      "end" : 659,
      "text" : "you",
      "whiteSpace" : false
    }, {
      "id" : "s12-t9",
      "begin" : 660,
      "end" : 664,
      "text" : "with",
      "whiteSpace" : false
    }, {
      "id" : "s12-t10",
      "begin" : 665,
      "end" : 671,
      "text" : "Caller",
      "whiteSpace" : false
    }, {
      "id" : "s12-t11",
      "begin" : 671,
      "end" : 672,
      "text" : ":",
      "whiteSpace" : false
    }, {
      "id" : "s12-t12",
      "begin" : 673,
      "end" : 675,
      "text" : "No",
      "whiteSpace" : false
    }, {
      "id" : "s12-t13",
      "begin" : 676,
      "end" : 679,
      "text" : "Rep",
      "whiteSpace" : false
    }, {
      "id" : "s12-t14",
      "begin" : 679,
      "end" : 680,
      "text" : ":",
      "whiteSpace" : false
    }, {
      "id" : "s12-t15",
      "begin" : 681,
      "end" : 687,
      "text" : "Thanks",
      "whiteSpace" : false
    }, {
      "id" : "s12-t16",
      "begin" : 688,
      "end" : 691,
      "text" : "for",
      "whiteSpace" : false
    }, {
      "id" : "s12-t17",
      "begin" : 692,
      "end" : 699,
      "text" : "calling",
      "whiteSpace" : false
    }, {
      "id" : "s12-t18",
      "begin" : 700,
      "end" : 709,
      "text" : "Vodaphone",
      "whiteSpace" : false
    }, {
      "id" : "s12-t19",
      "begin" : 709,
      "end" : 710,
      "text" : ".",
      "whiteSpace" : false
    } ]
  }, {
    "id" : "s13",
    "begin" : 711,
    "end" : 727,
    "text" : "Have a good day.",
    "tokens" : [ {
      "id" : "s13-t0",
      "begin" : 711,
      "end" : 715,
      "text" : "Have",
      "whiteSpace" : false
    }, {
      "id" : "s13-t1",
      "begin" : 716,
      "end" : 717,
      "text" : "a",
      "whiteSpace" : false
    }, {
      "id" : "s13-t2",
      "begin" : 718,
      "end" : 722,
      "text" : "good",
      "whiteSpace" : false
    }, {
      "id" : "s13-t3",
      "begin" : 723,
      "end" : 726,
      "text" : "day",
      "whiteSpace" : false
    }, {
      "id" : "s13-t4",
      "begin" : 726,
      "end" : 727,
      "text" : ".",
      "whiteSpace" : false
    } ]
  }, {
    "id" : "s14",
    "begin" : 728,
    "end" : 743,
    "text" : "Caller: you too",
    "tokens" : [ {
      "id" : "s14-t0",
      "begin" : 728,
      "end" : 734,
      "text" : "Caller",
      "whiteSpace" : false
    }, {
      "id" : "s14-t1",
      "begin" : 734,
      "end" : 735,
      "text" : ":",
      "whiteSpace" : false
    }, {
      "id" : "s14-t2",
      "begin" : 736,
      "end" : 739,
      "text" : "you",
      "whiteSpace" : false
    }, {
      "id" : "s14-t3",
      "begin" : 740,
      "end" : 743,
      "text" : "too",
      "whiteSpace" : false
    } ]
  } ],
  "mentions" : [ {
    "id" : "s2-m1",
    "properties" : {
      "SIRE_MENTION_ROLE" : "name",
      "SIRE_ENTITY_SUBTYPE" : "NONE",
      "SIRE_MENTION_TYPE" : "NONE",
      "SIRE_MENTION_CLASS" : "SPC"
    },
    "type" : "name",
    "begin" : 56,
    "end" : 60,
    "inCoref" : false
  }, {
    "id" : "s5-m1",
    "properties" : {
      "SIRE_MENTION_ROLE" : "dob",
      "SIRE_ENTITY_SUBTYPE" : "NONE",
      "SIRE_MENTION_TYPE" : "NONE",
      "SIRE_MENTION_CLASS" : "SPC"
    },
    "type" : "dob",
    "begin" : 221,
    "end" : 255,
    "inCoref" : false
  }, {
    "id" : "s5-m2",
    "properties" : {
      "SIRE_MENTION_ROLE" : "emailid",
      "SIRE_ENTITY_SUBTYPE" : "NONE",
      "SIRE_MENTION_TYPE" : "NONE",
      "SIRE_MENTION_CLASS" : "SPC"
    },
    "type" : "emailid",
    "begin" : 275,
    "end" : 289,
    "inCoref" : false
  } ],
  "relations" : [ ],
  "corefs" : [ ],
  "typeResolved" : true,
  "userResolved" : false
}