{
  "id" : "906400d0-a1cd-11e7-95d4-13de3d82fddb-3",
  "name" : "Murali4.txt",
  "version" : 3,
  "text" : "Rep: Thanks for calling Vodaphone. This is Monica. How can I help you\nCaller: I want to migrate to a different service provider\nRep: Sorry to hear that sir but why do you want to migrate\nCaller: Signal is bad and service is pathetic\nRep: Signal is bad at any specific location or everywhere sir?\nCaller: It's bad at my home\nRep: Can a representative visit your place to check what is the issue?\nCaller: Yes\nRep: For verification can you let me know your name, email id and date of birth\nCaller: my name's Abdul email id is adbul@hotmail.com and data of birth is 9th march 1988\nRep: Thank you Can you confirm your home address please?\nCaller: My home address is #35, 5th corss, 2nd main, Kalyan Nagar, Bengaluru - 560043\nRep: A represetative will call you and visit your place to check signal issues and address your concern\nCaller: Hope the issue will be resolved\nRep: We will do our best sir\nCaller: Thanks\nRep: Is there anything that I can help you with\nCaller: No\nRep: Than you for calling and have a good day sir\n",
  "docLength" : 0,
  "language" : "EN",
  "status" : "SUBMITTED",
  "modifiedDate" : 1506329795055,
  "documentSet" : [ ],
  "preannotation" : [ ],
  "sentences" : [ {
    "id" : "s0",
    "begin" : 0,
    "end" : 34,
    "text" : "Rep: Thanks for calling Vodaphone.",
    "tokens" : [ {
      "id" : "s0-t0",
      "begin" : 0,
      "end" : 3,
      "text" : "Rep",
      "whiteSpace" : false
    }, {
      "id" : "s0-t1",
      "begin" : 3,
      "end" : 4,
      "text" : ":",
      "whiteSpace" : false
    }, {
      "id" : "s0-t2",
      "begin" : 5,
      "end" : 11,
      "text" : "Thanks",
      "whiteSpace" : false
    }, {
      "id" : "s0-t3",
      "begin" : 12,
      "end" : 15,
      "text" : "for",
      "whiteSpace" : false
    }, {
      "id" : "s0-t4",
      "begin" : 16,
      "end" : 23,
      "text" : "calling",
      "whiteSpace" : false
    }, {
      "id" : "s0-t5",
      "begin" : 24,
      "end" : 33,
      "text" : "Vodaphone",
      "whiteSpace" : false
    }, {
      "id" : "s0-t6",
      "begin" : 33,
      "end" : 34,
      "text" : ".",
      "whiteSpace" : false
    } ]
  }, {
    "id" : "s1",
    "begin" : 35,
    "end" : 50,
    "text" : "This is Monica.",
    "tokens" : [ {
      "id" : "s1-t0",
      "begin" : 35,
      "end" : 39,
      "text" : "This",
      "whiteSpace" : false
    }, {
      "id" : "s1-t1",
      "begin" : 40,
      "end" : 42,
      "text" : "is",
      "whiteSpace" : false
    }, {
      "id" : "s1-t2",
      "begin" : 43,
      "end" : 49,
      "text" : "Monica",
      "whiteSpace" : false
    }, {
      "id" : "s1-t3",
      "begin" : 49,
      "end" : 50,
      "text" : ".",
      "whiteSpace" : false
    } ]
  }, {
    "id" : "s2",
    "begin" : 51,
    "end" : 295,
    "text" : "How can I help you\nCaller: I want to migrate to a different service provider\nRep: Sorry to hear that sir but why do you want to migrate\nCaller: Signal is bad and service is pathetic\nRep: Signal is bad at any specific location or everywhere sir?",
    "tokens" : [ {
      "id" : "s2-t0",
      "begin" : 51,
      "end" : 54,
      "text" : "How",
      "whiteSpace" : false
    }, {
      "id" : "s2-t1",
      "begin" : 55,
      "end" : 58,
      "text" : "can",
      "whiteSpace" : false
    }, {
      "id" : "s2-t2",
      "begin" : 59,
      "end" : 60,
      "text" : "I",
      "whiteSpace" : false
    }, {
      "id" : "s2-t3",
      "begin" : 61,
      "end" : 65,
      "text" : "help",
      "whiteSpace" : false
    }, {
      "id" : "s2-t4",
      "begin" : 66,
      "end" : 69,
      "text" : "you",
      "whiteSpace" : false
    }, {
      "id" : "s2-t5",
      "begin" : 70,
      "end" : 76,
      "text" : "Caller",
      "whiteSpace" : false
    }, {
      "id" : "s2-t6",
      "begin" : 76,
      "end" : 77,
      "text" : ":",
      "whiteSpace" : false
    }, {
      "id" : "s2-t7",
      "begin" : 78,
      "end" : 79,
      "text" : "I",
      "whiteSpace" : false
    }, {
      "id" : "s2-t8",
      "begin" : 80,
      "end" : 84,
      "text" : "want",
      "whiteSpace" : false
    }, {
      "id" : "s2-t9",
      "begin" : 85,
      "end" : 87,
      "text" : "to",
      "whiteSpace" : false
    }, {
      "id" : "s2-t10",
      "begin" : 88,
      "end" : 95,
      "text" : "migrate",
      "whiteSpace" : false
    }, {
      "id" : "s2-t11",
      "begin" : 96,
      "end" : 98,
      "text" : "to",
      "whiteSpace" : false
    }, {
      "id" : "s2-t12",
      "begin" : 99,
      "end" : 100,
      "text" : "a",
      "whiteSpace" : false
    }, {
      "id" : "s2-t13",
      "begin" : 101,
      "end" : 110,
      "text" : "different",
      "whiteSpace" : false
    }, {
      "id" : "s2-t14",
      "begin" : 111,
      "end" : 118,
      "text" : "service",
      "whiteSpace" : false
    }, {
      "id" : "s2-t15",
      "begin" : 119,
      "end" : 127,
      "text" : "provider",
      "whiteSpace" : false
    }, {
      "id" : "s2-t16",
      "begin" : 128,
      "end" : 131,
      "text" : "Rep",
      "whiteSpace" : false
    }, {
      "id" : "s2-t17",
      "begin" : 131,
      "end" : 132,
      "text" : ":",
      "whiteSpace" : false
    }, {
      "id" : "s2-t18",
      "begin" : 133,
      "end" : 138,
      "text" : "Sorry",
      "whiteSpace" : false
    }, {
      "id" : "s2-t19",
      "begin" : 139,
      "end" : 141,
      "text" : "to",
      "whiteSpace" : false
    }, {
      "id" : "s2-t20",
      "begin" : 142,
      "end" : 146,
      "text" : "hear",
      "whiteSpace" : false
    }, {
      "id" : "s2-t21",
      "begin" : 147,
      "end" : 151,
      "text" : "that",
      "whiteSpace" : false
    }, {
      "id" : "s2-t22",
      "begin" : 152,
      "end" : 155,
      "text" : "sir",
      "whiteSpace" : false
    }, {
      "id" : "s2-t23",
      "begin" : 156,
      "end" : 159,
      "text" : "but",
      "whiteSpace" : false
    }, {
      "id" : "s2-t24",
      "begin" : 160,
      "end" : 163,
      "text" : "why",
      "whiteSpace" : false
    }, {
      "id" : "s2-t25",
      "begin" : 164,
      "end" : 166,
      "text" : "do",
      "whiteSpace" : false
    }, {
      "id" : "s2-t26",
      "begin" : 167,
      "end" : 170,
      "text" : "you",
      "whiteSpace" : false
    }, {
      "id" : "s2-t27",
      "begin" : 171,
      "end" : 175,
      "text" : "want",
      "whiteSpace" : false
    }, {
      "id" : "s2-t28",
      "begin" : 176,
      "end" : 178,
      "text" : "to",
      "whiteSpace" : false
    }, {
      "id" : "s2-t29",
      "begin" : 179,
      "end" : 186,
      "text" : "migrate",
      "whiteSpace" : false
    }, {
      "id" : "s2-t30",
      "begin" : 187,
      "end" : 193,
      "text" : "Caller",
      "whiteSpace" : false
    }, {
      "id" : "s2-t31",
      "begin" : 193,
      "end" : 194,
      "text" : ":",
      "whiteSpace" : false
    }, {
      "id" : "s2-t32",
      "begin" : 195,
      "end" : 201,
      "text" : "Signal",
      "whiteSpace" : false
    }, {
      "id" : "s2-t33",
      "begin" : 202,
      "end" : 204,
      "text" : "is",
      "whiteSpace" : false
    }, {
      "id" : "s2-t34",
      "begin" : 205,
      "end" : 208,
      "text" : "bad",
      "whiteSpace" : false
    }, {
      "id" : "s2-t35",
      "begin" : 209,
      "end" : 212,
      "text" : "and",
      "whiteSpace" : false
    }, {
      "id" : "s2-t36",
      "begin" : 213,
      "end" : 220,
      "text" : "service",
      "whiteSpace" : false
    }, {
      "id" : "s2-t37",
      "begin" : 221,
      "end" : 223,
      "text" : "is",
      "whiteSpace" : false
    }, {
      "id" : "s2-t38",
      "begin" : 224,
      "end" : 232,
      "text" : "pathetic",
      "whiteSpace" : false
    }, {
      "id" : "s2-t39",
      "begin" : 233,
      "end" : 236,
      "text" : "Rep",
      "whiteSpace" : false
    }, {
      "id" : "s2-t40",
      "begin" : 236,
      "end" : 237,
      "text" : ":",
      "whiteSpace" : false
    }, {
      "id" : "s2-t41",
      "begin" : 238,
      "end" : 244,
      "text" : "Signal",
      "whiteSpace" : false
    }, {
      "id" : "s2-t42",
      "begin" : 245,
      "end" : 247,
      "text" : "is",
      "whiteSpace" : false
    }, {
      "id" : "s2-t43",
      "begin" : 248,
      "end" : 251,
      "text" : "bad",
      "whiteSpace" : false
    }, {
      "id" : "s2-t44",
      "begin" : 252,
      "end" : 254,
      "text" : "at",
      "whiteSpace" : false
    }, {
      "id" : "s2-t45",
      "begin" : 255,
      "end" : 258,
      "text" : "any",
      "whiteSpace" : false
    }, {
      "id" : "s2-t46",
      "begin" : 259,
      "end" : 267,
      "text" : "specific",
      "whiteSpace" : false
    }, {
      "id" : "s2-t47",
      "begin" : 268,
      "end" : 276,
      "text" : "location",
      "whiteSpace" : false
    }, {
      "id" : "s2-t48",
      "begin" : 277,
      "end" : 279,
      "text" : "or",
      "whiteSpace" : false
    }, {
      "id" : "s2-t49",
      "begin" : 280,
      "end" : 290,
      "text" : "everywhere",
      "whiteSpace" : false
    }, {
      "id" : "s2-t50",
      "begin" : 291,
      "end" : 294,
      "text" : "sir",
      "whiteSpace" : false
    }, {
      "id" : "s2-t51",
      "begin" : 294,
      "end" : 295,
      "text" : "?",
      "whiteSpace" : false
    } ]
  }, {
    "id" : "s3",
    "begin" : 296,
    "end" : 394,
    "text" : "Caller: It's bad at my home\nRep: Can a representative visit your place to check what is the issue?",
    "tokens" : [ {
      "id" : "s3-t0",
      "begin" : 296,
      "end" : 302,
      "text" : "Caller",
      "whiteSpace" : false
    }, {
      "id" : "s3-t1",
      "begin" : 302,
      "end" : 303,
      "text" : ":",
      "whiteSpace" : false
    }, {
      "id" : "s3-t2",
      "begin" : 304,
      "end" : 306,
      "text" : "It",
      "whiteSpace" : false
    }, {
      "id" : "s3-t3",
      "begin" : 306,
      "end" : 308,
      "text" : "'s",
      "whiteSpace" : false
    }, {
      "id" : "s3-t4",
      "begin" : 309,
      "end" : 312,
      "text" : "bad",
      "whiteSpace" : false
    }, {
      "id" : "s3-t5",
      "begin" : 313,
      "end" : 315,
      "text" : "at",
      "whiteSpace" : false
    }, {
      "id" : "s3-t6",
      "begin" : 316,
      "end" : 318,
      "text" : "my",
      "whiteSpace" : false
    }, {
      "id" : "s3-t7",
      "begin" : 319,
      "end" : 323,
      "text" : "home",
      "whiteSpace" : false
    }, {
      "id" : "s3-t8",
      "begin" : 324,
      "end" : 327,
      "text" : "Rep",
      "whiteSpace" : false
    }, {
      "id" : "s3-t9",
      "begin" : 327,
      "end" : 328,
      "text" : ":",
      "whiteSpace" : false
    }, {
      "id" : "s3-t10",
      "begin" : 329,
      "end" : 332,
      "text" : "Can",
      "whiteSpace" : false
    }, {
      "id" : "s3-t11",
      "begin" : 333,
      "end" : 334,
      "text" : "a",
      "whiteSpace" : false
    }, {
      "id" : "s3-t12",
      "begin" : 335,
      "end" : 349,
      "text" : "representative",
      "whiteSpace" : false
    }, {
      "id" : "s3-t13",
      "begin" : 350,
      "end" : 355,
      "text" : "visit",
      "whiteSpace" : false
    }, {
      "id" : "s3-t14",
      "begin" : 356,
      "end" : 360,
      "text" : "your",
      "whiteSpace" : false
    }, {
      "id" : "s3-t15",
      "begin" : 361,
      "end" : 366,
      "text" : "place",
      "whiteSpace" : false
    }, {
      "id" : "s3-t16",
      "begin" : 367,
      "end" : 369,
      "text" : "to",
      "whiteSpace" : false
    }, {
      "id" : "s3-t17",
      "begin" : 370,
      "end" : 375,
      "text" : "check",
      "whiteSpace" : false
    }, {
      "id" : "s3-t18",
      "begin" : 376,
      "end" : 380,
      "text" : "what",
      "whiteSpace" : false
    }, {
      "id" : "s3-t19",
      "begin" : 381,
      "end" : 383,
      "text" : "is",
      "whiteSpace" : false
    }, {
      "id" : "s3-t20",
      "begin" : 384,
      "end" : 387,
      "text" : "the",
      "whiteSpace" : false
    }, {
      "id" : "s3-t21",
      "begin" : 388,
      "end" : 393,
      "text" : "issue",
      "whiteSpace" : false
    }, {
      "id" : "s3-t22",
      "begin" : 393,
      "end" : 394,
      "text" : "?",
      "whiteSpace" : false
    } ]
  }, {
    "id" : "s4",
    "begin" : 395,
    "end" : 633,
    "text" : "Caller: Yes\nRep: For verification can you let me know your name, email id and date of birth\nCaller: my name's Abdul email id is adbul@hotmail.com and data of birth is 9th march 1988\nRep: Thank you Can you confirm your home address please?",
    "tokens" : [ {
      "id" : "s4-t0",
      "begin" : 395,
      "end" : 401,
      "text" : "Caller",
      "whiteSpace" : false
    }, {
      "id" : "s4-t1",
      "begin" : 401,
      "end" : 402,
      "text" : ":",
      "whiteSpace" : false
    }, {
      "id" : "s4-t2",
      "begin" : 403,
      "end" : 406,
      "text" : "Yes",
      "whiteSpace" : false
    }, {
      "id" : "s4-t3",
      "begin" : 407,
      "end" : 410,
      "text" : "Rep",
      "whiteSpace" : false
    }, {
      "id" : "s4-t4",
      "begin" : 410,
      "end" : 411,
      "text" : ":",
      "whiteSpace" : false
    }, {
      "id" : "s4-t5",
      "begin" : 412,
      "end" : 415,
      "text" : "For",
      "whiteSpace" : false
    }, {
      "id" : "s4-t6",
      "begin" : 416,
      "end" : 428,
      "text" : "verification",
      "whiteSpace" : false
    }, {
      "id" : "s4-t7",
      "begin" : 429,
      "end" : 432,
      "text" : "can",
      "whiteSpace" : false
    }, {
      "id" : "s4-t8",
      "begin" : 433,
      "end" : 436,
      "text" : "you",
      "whiteSpace" : false
    }, {
      "id" : "s4-t9",
      "begin" : 437,
      "end" : 440,
      "text" : "let",
      "whiteSpace" : false
    }, {
      "id" : "s4-t10",
      "begin" : 441,
      "end" : 443,
      "text" : "me",
      "whiteSpace" : false
    }, {
      "id" : "s4-t11",
      "begin" : 444,
      "end" : 448,
      "text" : "know",
      "whiteSpace" : false
    }, {
      "id" : "s4-t12",
      "begin" : 449,
      "end" : 453,
      "text" : "your",
      "whiteSpace" : false
    }, {
      "id" : "s4-t13",
      "begin" : 454,
      "end" : 458,
      "text" : "name",
      "whiteSpace" : false
    }, {
      "id" : "s4-t14",
      "begin" : 458,
      "end" : 459,
      "text" : ",",
      "whiteSpace" : false
    }, {
      "id" : "s4-t15",
      "begin" : 460,
      "end" : 465,
      "text" : "email",
      "whiteSpace" : false
    }, {
      "id" : "s4-t16",
      "begin" : 466,
      "end" : 468,
      "text" : "id",
      "whiteSpace" : false
    }, {
      "id" : "s4-t17",
      "begin" : 469,
      "end" : 472,
      "text" : "and",
      "whiteSpace" : false
    }, {
      "id" : "s4-t18",
      "begin" : 473,
      "end" : 477,
      "text" : "date",
      "whiteSpace" : false
    }, {
      "id" : "s4-t19",
      "begin" : 478,
      "end" : 480,
      "text" : "of",
      "whiteSpace" : false
    }, {
      "id" : "s4-t20",
      "begin" : 481,
      "end" : 486,
      "text" : "birth",
      "whiteSpace" : false
    }, {
      "id" : "s4-t21",
      "begin" : 487,
      "end" : 493,
      "text" : "Caller",
      "whiteSpace" : false
    }, {
      "id" : "s4-t22",
      "begin" : 493,
      "end" : 494,
      "text" : ":",
      "whiteSpace" : false
    }, {
      "id" : "s4-t23",
      "begin" : 495,
      "end" : 497,
      "text" : "my",
      "whiteSpace" : false
    }, {
      "id" : "s4-t24",
      "begin" : 498,
      "end" : 502,
      "text" : "name",
      "whiteSpace" : false
    }, {
      "id" : "s4-t25",
      "begin" : 502,
      "end" : 504,
      "text" : "'s",
      "whiteSpace" : false
    }, {
      "id" : "s4-t26",
      "begin" : 505,
      "end" : 510,
      "text" : "Abdul",
      "whiteSpace" : false
    }, {
      "id" : "s4-t27",
      "begin" : 511,
      "end" : 516,
      "text" : "email",
      "whiteSpace" : false
    }, {
      "id" : "s4-t28",
      "begin" : 517,
      "end" : 519,
      "text" : "id",
      "whiteSpace" : false
    }, {
      "id" : "s4-t29",
      "begin" : 520,
      "end" : 522,
      "text" : "is",
      "whiteSpace" : false
    }, {
      "id" : "s4-t30",
      "begin" : 523,
      "end" : 540,
      "text" : "adbul@hotmail.com",
      "whiteSpace" : false
    }, {
      "id" : "s4-t31",
      "begin" : 541,
      "end" : 544,
      "text" : "and",
      "whiteSpace" : false
    }, {
      "id" : "s4-t32",
      "begin" : 545,
      "end" : 549,
      "text" : "data",
      "whiteSpace" : false
    }, {
      "id" : "s4-t33",
      "begin" : 550,
      "end" : 552,
      "text" : "of",
      "whiteSpace" : false
    }, {
      "id" : "s4-t34",
      "begin" : 553,
      "end" : 558,
      "text" : "birth",
      "whiteSpace" : false
    }, {
      "id" : "s4-t35",
      "begin" : 559,
      "end" : 561,
      "text" : "is",
      "whiteSpace" : false
    }, {
      "id" : "s4-t36",
      "begin" : 562,
      "end" : 565,
      "text" : "9th",
      "whiteSpace" : false
    }, {
      "id" : "s4-t37",
      "begin" : 566,
      "end" : 571,
      "text" : "march",
      "whiteSpace" : false
    }, {
      "id" : "s4-t38",
      "begin" : 572,
      "end" : 576,
      "text" : "1988",
      "whiteSpace" : false
    }, {
      "id" : "s4-t39",
      "begin" : 577,
      "end" : 580,
      "text" : "Rep",
      "whiteSpace" : false
    }, {
      "id" : "s4-t40",
      "begin" : 580,
      "end" : 581,
      "text" : ":",
      "whiteSpace" : false
    }, {
      "id" : "s4-t41",
      "begin" : 582,
      "end" : 587,
      "text" : "Thank",
      "whiteSpace" : false
    }, {
      "id" : "s4-t42",
      "begin" : 588,
      "end" : 591,
      "text" : "you",
      "whiteSpace" : false
    }, {
      "id" : "s4-t43",
      "begin" : 592,
      "end" : 595,
      "text" : "Can",
      "whiteSpace" : false
    }, {
      "id" : "s4-t44",
      "begin" : 596,
      "end" : 599,
      "text" : "you",
      "whiteSpace" : false
    }, {
      "id" : "s4-t45",
      "begin" : 600,
      "end" : 607,
      "text" : "confirm",
      "whiteSpace" : false
    }, {
      "id" : "s4-t46",
      "begin" : 608,
      "end" : 612,
      "text" : "your",
      "whiteSpace" : false
    }, {
      "id" : "s4-t47",
      "begin" : 613,
      "end" : 617,
      "text" : "home",
      "whiteSpace" : false
    }, {
      "id" : "s4-t48",
      "begin" : 618,
      "end" : 625,
      "text" : "address",
      "whiteSpace" : false
    }, {
      "id" : "s4-t49",
      "begin" : 626,
      "end" : 632,
      "text" : "please",
      "whiteSpace" : false
    }, {
      "id" : "s4-t50",
      "begin" : 632,
      "end" : 633,
      "text" : "?",
      "whiteSpace" : false
    } ]
  }, {
    "id" : "s5",
    "begin" : 634,
    "end" : 1016,
    "text" : "Caller: My home address is #35, 5th corss, 2nd main, Kalyan Nagar, Bengaluru - 560043\nRep: A represetative will call you and visit your place to check signal issues and address your concern\nCaller: Hope the issue will be resolved\nRep: We will do our best sir\nCaller: Thanks\nRep: Is there anything that I can help you with\nCaller: No\nRep: Than you for calling and have a good day sir",
    "tokens" : [ {
      "id" : "s5-t0",
      "begin" : 634,
      "end" : 640,
      "text" : "Caller",
      "whiteSpace" : false
    }, {
      "id" : "s5-t1",
      "begin" : 640,
      "end" : 641,
      "text" : ":",
      "whiteSpace" : false
    }, {
      "id" : "s5-t2",
      "begin" : 642,
      "end" : 644,
      "text" : "My",
      "whiteSpace" : false
    }, {
      "id" : "s5-t3",
      "begin" : 645,
      "end" : 649,
      "text" : "home",
      "whiteSpace" : false
    }, {
      "id" : "s5-t4",
      "begin" : 650,
      "end" : 657,
      "text" : "address",
      "whiteSpace" : false
    }, {
      "id" : "s5-t5",
      "begin" : 658,
      "end" : 660,
      "text" : "is",
      "whiteSpace" : false
    }, {
      "id" : "s5-t6",
      "begin" : 661,
      "end" : 664,
      "text" : "#35",
      "whiteSpace" : false
    }, {
      "id" : "s5-t7",
      "begin" : 664,
      "end" : 665,
      "text" : ",",
      "whiteSpace" : false
    }, {
      "id" : "s5-t8",
      "begin" : 666,
      "end" : 669,
      "text" : "5th",
      "whiteSpace" : false
    }, {
      "id" : "s5-t9",
      "begin" : 670,
      "end" : 675,
      "text" : "corss",
      "whiteSpace" : false
    }, {
      "id" : "s5-t10",
      "begin" : 675,
      "end" : 676,
      "text" : ",",
      "whiteSpace" : false
    }, {
      "id" : "s5-t11",
      "begin" : 677,
      "end" : 680,
      "text" : "2nd",
      "whiteSpace" : false
    }, {
      "id" : "s5-t12",
      "begin" : 681,
      "end" : 685,
      "text" : "main",
      "whiteSpace" : false
    }, {
      "id" : "s5-t13",
      "begin" : 685,
      "end" : 686,
      "text" : ",",
      "whiteSpace" : false
    }, {
      "id" : "s5-t14",
      "begin" : 687,
      "end" : 693,
      "text" : "Kalyan",
      "whiteSpace" : false
    }, {
      "id" : "s5-t15",
      "begin" : 694,
      "end" : 699,
      "text" : "Nagar",
      "whiteSpace" : false
    }, {
      "id" : "s5-t16",
      "begin" : 699,
      "end" : 700,
      "text" : ",",
      "whiteSpace" : false
    }, {
      "id" : "s5-t17",
      "begin" : 701,
      "end" : 710,
      "text" : "Bengaluru",
      "whiteSpace" : false
    }, {
      "id" : "s5-t18",
      "begin" : 711,
      "end" : 712,
      "text" : "-",
      "whiteSpace" : false
    }, {
      "id" : "s5-t19",
      "begin" : 713,
      "end" : 719,
      "text" : "560043",
      "whiteSpace" : false
    }, {
      "id" : "s5-t20",
      "begin" : 720,
      "end" : 723,
      "text" : "Rep",
      "whiteSpace" : false
    }, {
      "id" : "s5-t21",
      "begin" : 723,
      "end" : 724,
      "text" : ":",
      "whiteSpace" : false
    }, {
      "id" : "s5-t22",
      "begin" : 725,
      "end" : 726,
      "text" : "A",
      "whiteSpace" : false
    }, {
      "id" : "s5-t23",
      "begin" : 727,
      "end" : 740,
      "text" : "represetative",
      "whiteSpace" : false
    }, {
      "id" : "s5-t24",
      "begin" : 741,
      "end" : 745,
      "text" : "will",
      "whiteSpace" : false
    }, {
      "id" : "s5-t25",
      "begin" : 746,
      "end" : 750,
      "text" : "call",
      "whiteSpace" : false
    }, {
      "id" : "s5-t26",
      "begin" : 751,
      "end" : 754,
      "text" : "you",
      "whiteSpace" : false
    }, {
      "id" : "s5-t27",
      "begin" : 755,
      "end" : 758,
      "text" : "and",
      "whiteSpace" : false
    }, {
      "id" : "s5-t28",
      "begin" : 759,
      "end" : 764,
      "text" : "visit",
      "whiteSpace" : false
    }, {
      "id" : "s5-t29",
      "begin" : 765,
      "end" : 769,
      "text" : "your",
      "whiteSpace" : false
    }, {
      "id" : "s5-t30",
      "begin" : 770,
      "end" : 775,
      "text" : "place",
      "whiteSpace" : false
    }, {
      "id" : "s5-t31",
      "begin" : 776,
      "end" : 778,
      "text" : "to",
      "whiteSpace" : false
    }, {
      "id" : "s5-t32",
      "begin" : 779,
      "end" : 784,
      "text" : "check",
      "whiteSpace" : false
    }, {
      "id" : "s5-t33",
      "begin" : 785,
      "end" : 791,
      "text" : "signal",
      "whiteSpace" : false
    }, {
      "id" : "s5-t34",
      "begin" : 792,
      "end" : 798,
      "text" : "issues",
      "whiteSpace" : false
    }, {
      "id" : "s5-t35",
      "begin" : 799,
      "end" : 802,
      "text" : "and",
      "whiteSpace" : false
    }, {
      "id" : "s5-t36",
      "begin" : 803,
      "end" : 810,
      "text" : "address",
      "whiteSpace" : false
    }, {
      "id" : "s5-t37",
      "begin" : 811,
      "end" : 815,
      "text" : "your",
      "whiteSpace" : false
    }, {
      "id" : "s5-t38",
      "begin" : 816,
      "end" : 823,
      "text" : "concern",
      "whiteSpace" : false
    }, {
      "id" : "s5-t39",
      "begin" : 824,
      "end" : 830,
      "text" : "Caller",
      "whiteSpace" : false
    }, {
      "id" : "s5-t40",
      "begin" : 830,
      "end" : 831,
      "text" : ":",
      "whiteSpace" : false
    }, {
      "id" : "s5-t41",
      "begin" : 832,
      "end" : 836,
      "text" : "Hope",
      "whiteSpace" : false
    }, {
      "id" : "s5-t42",
      "begin" : 837,
      "end" : 840,
      "text" : "the",
      "whiteSpace" : false
    }, {
      "id" : "s5-t43",
      "begin" : 841,
      "end" : 846,
      "text" : "issue",
      "whiteSpace" : false
    }, {
      "id" : "s5-t44",
      "begin" : 847,
      "end" : 851,
      "text" : "will",
      "whiteSpace" : false
    }, {
      "id" : "s5-t45",
      "begin" : 852,
      "end" : 854,
      "text" : "be",
      "whiteSpace" : false
    }, {
      "id" : "s5-t46",
      "begin" : 855,
      "end" : 863,
      "text" : "resolved",
      "whiteSpace" : false
    }, {
      "id" : "s5-t47",
      "begin" : 864,
      "end" : 867,
      "text" : "Rep",
      "whiteSpace" : false
    }, {
      "id" : "s5-t48",
      "begin" : 867,
      "end" : 868,
      "text" : ":",
      "whiteSpace" : false
    }, {
      "id" : "s5-t49",
      "begin" : 869,
      "end" : 871,
      "text" : "We",
      "whiteSpace" : false
    }, {
      "id" : "s5-t50",
      "begin" : 872,
      "end" : 876,
      "text" : "will",
      "whiteSpace" : false
    }, {
      "id" : "s5-t51",
      "begin" : 877,
      "end" : 879,
      "text" : "do",
      "whiteSpace" : false
    }, {
      "id" : "s5-t52",
      "begin" : 880,
      "end" : 883,
      "text" : "our",
      "whiteSpace" : false
    }, {
      "id" : "s5-t53",
      "begin" : 884,
      "end" : 888,
      "text" : "best",
      "whiteSpace" : false
    }, {
      "id" : "s5-t54",
      "begin" : 889,
      "end" : 892,
      "text" : "sir",
      "whiteSpace" : false
    }, {
      "id" : "s5-t55",
      "begin" : 893,
      "end" : 899,
      "text" : "Caller",
      "whiteSpace" : false
    }, {
      "id" : "s5-t56",
      "begin" : 899,
      "end" : 900,
      "text" : ":",
      "whiteSpace" : false
    }, {
      "id" : "s5-t57",
      "begin" : 901,
      "end" : 907,
      "text" : "Thanks",
      "whiteSpace" : false
    }, {
      "id" : "s5-t58",
      "begin" : 908,
      "end" : 911,
      "text" : "Rep",
      "whiteSpace" : false
    }, {
      "id" : "s5-t59",
      "begin" : 911,
      "end" : 912,
      "text" : ":",
      "whiteSpace" : false
    }, {
      "id" : "s5-t60",
      "begin" : 913,
      "end" : 915,
      "text" : "Is",
      "whiteSpace" : false
    }, {
      "id" : "s5-t61",
      "begin" : 916,
      "end" : 921,
      "text" : "there",
      "whiteSpace" : false
    }, {
      "id" : "s5-t62",
      "begin" : 922,
      "end" : 930,
      "text" : "anything",
      "whiteSpace" : false
    }, {
      "id" : "s5-t63",
      "begin" : 931,
      "end" : 935,
      "text" : "that",
      "whiteSpace" : false
    }, {
      "id" : "s5-t64",
      "begin" : 936,
      "end" : 937,
      "text" : "I",
      "whiteSpace" : false
    }, {
      "id" : "s5-t65",
      "begin" : 938,
      "end" : 941,
      "text" : "can",
      "whiteSpace" : false
    }, {
      "id" : "s5-t66",
      "begin" : 942,
      "end" : 946,
      "text" : "help",
      "whiteSpace" : false
    }, {
      "id" : "s5-t67",
      "begin" : 947,
      "end" : 950,
      "text" : "you",
      "whiteSpace" : false
    }, {
      "id" : "s5-t68",
      "begin" : 951,
      "end" : 955,
      "text" : "with",
      "whiteSpace" : false
    }, {
      "id" : "s5-t69",
      "begin" : 956,
      "end" : 962,
      "text" : "Caller",
      "whiteSpace" : false
    }, {
      "id" : "s5-t70",
      "begin" : 962,
      "end" : 963,
      "text" : ":",
      "whiteSpace" : false
    }, {
      "id" : "s5-t71",
      "begin" : 964,
      "end" : 966,
      "text" : "No",
      "whiteSpace" : false
    }, {
      "id" : "s5-t72",
      "begin" : 967,
      "end" : 970,
      "text" : "Rep",
      "whiteSpace" : false
    }, {
      "id" : "s5-t73",
      "begin" : 970,
      "end" : 971,
      "text" : ":",
      "whiteSpace" : false
    }, {
      "id" : "s5-t74",
      "begin" : 972,
      "end" : 976,
      "text" : "Than",
      "whiteSpace" : false
    }, {
      "id" : "s5-t75",
      "begin" : 977,
      "end" : 980,
      "text" : "you",
      "whiteSpace" : false
    }, {
      "id" : "s5-t76",
      "begin" : 981,
      "end" : 984,
      "text" : "for",
      "whiteSpace" : false
    }, {
      "id" : "s5-t77",
      "begin" : 985,
      "end" : 992,
      "text" : "calling",
      "whiteSpace" : false
    }, {
      "id" : "s5-t78",
      "begin" : 993,
      "end" : 996,
      "text" : "and",
      "whiteSpace" : false
    }, {
      "id" : "s5-t79",
      "begin" : 997,
      "end" : 1001,
      "text" : "have",
      "whiteSpace" : false
    }, {
      "id" : "s5-t80",
      "begin" : 1002,
      "end" : 1003,
      "text" : "a",
      "whiteSpace" : false
    }, {
      "id" : "s5-t81",
      "begin" : 1004,
      "end" : 1008,
      "text" : "good",
      "whiteSpace" : false
    }, {
      "id" : "s5-t82",
      "begin" : 1009,
      "end" : 1012,
      "text" : "day",
      "whiteSpace" : false
    }, {
      "id" : "s5-t83",
      "begin" : 1013,
      "end" : 1016,
      "text" : "sir",
      "whiteSpace" : false
    } ]
  } ],
  "mentions" : [ {
    "id" : "s4-m1",
    "properties" : {
      "SIRE_MENTION_ROLE" : "name",
      "SIRE_ENTITY_SUBTYPE" : "NONE",
      "SIRE_MENTION_TYPE" : "NONE",
      "SIRE_MENTION_CLASS" : "SPC"
    },
    "type" : "name",
    "begin" : 505,
    "end" : 510,
    "inCoref" : false
  }, {
    "id" : "s4-m2",
    "properties" : {
      "SIRE_MENTION_ROLE" : "emailid",
      "SIRE_ENTITY_SUBTYPE" : "NONE",
      "SIRE_MENTION_TYPE" : "NONE",
      "SIRE_MENTION_CLASS" : "SPC"
    },
    "type" : "emailid",
    "begin" : 523,
    "end" : 540,
    "inCoref" : false
  }, {
    "id" : "s4-m3",
    "properties" : {
      "SIRE_MENTION_ROLE" : "dob",
      "SIRE_ENTITY_SUBTYPE" : "NONE",
      "SIRE_MENTION_TYPE" : "NONE",
      "SIRE_MENTION_CLASS" : "SPC"
    },
    "type" : "dob",
    "begin" : 562,
    "end" : 576,
    "inCoref" : false
  }, {
    "id" : "s5-m1",
    "properties" : {
      "SIRE_MENTION_ROLE" : "address",
      "SIRE_ENTITY_SUBTYPE" : "NONE",
      "SIRE_MENTION_TYPE" : "NONE",
      "SIRE_MENTION_CLASS" : "SPC"
    },
    "type" : "address",
    "begin" : 661,
    "end" : 719,
    "inCoref" : false
  } ],
  "relations" : [ ],
  "corefs" : [ ],
  "typeResolved" : true,
  "userResolved" : false
}