{
  "id" : "b39fdf60-bd4d-11e7-af2d-855b67e2d9c7-7",
  "name" : "Chat008.txt",
  "version" : 3,
  "text" : "Rep: Welcome to Vodaphone. This is Santosh. How can I help you\nCaller: I want to change my address\nRep: For which number sir\nCaller: 123456789\nRep: For verification may I know your name and email id\nCaller: My name is Randeep\nRep: And email id?\nCaller: Randeep@rediffmail.com\nRep: Thank you for providing the information. So you need to change your address right\nCaller: yes\nRep: May I know your new address please\nCaller: My new address is flat 1564, sarvodaya heights, 4T cross, Jayanagar, Bengaluru - 560020\nRep: I have taken your request to update the address. For validation please send scanned copy of your address proof to customercare@vodaphone.com\nCaller: Ok, I will send\nRep: Is there anything else that I can help you with.\nCaller: No thanks\nRep: Have a good day\n",
  "docLength" : 0,
  "language" : "EN",
  "status" : "READY",
  "modifiedDate" : 1509352708182,
  "documentSet" : [ ],
  "preannotation" : [ ],
  "sentences" : [ {
    "id" : "s0",
    "begin" : 0,
    "end" : 26,
    "text" : "Rep: Welcome to Vodaphone.",
    "tokens" : [ {
      "id" : "s0-t0",
      "begin" : 0,
      "end" : 3,
      "text" : "Rep",
      "whiteSpace" : false
    }, {
      "id" : "s0-t1",
      "begin" : 3,
      "end" : 4,
      "text" : ":",
      "whiteSpace" : false
    }, {
      "id" : "s0-t2",
      "begin" : 5,
      "end" : 12,
      "text" : "Welcome",
      "whiteSpace" : false
    }, {
      "id" : "s0-t3",
      "begin" : 13,
      "end" : 15,
      "text" : "to",
      "whiteSpace" : false
    }, {
      "id" : "s0-t4",
      "begin" : 16,
      "end" : 25,
      "text" : "Vodaphone",
      "whiteSpace" : false
    }, {
      "id" : "s0-t5",
      "begin" : 25,
      "end" : 26,
      "text" : ".",
      "whiteSpace" : false
    } ]
  }, {
    "id" : "s1",
    "begin" : 27,
    "end" : 43,
    "text" : "This is Santosh.",
    "tokens" : [ {
      "id" : "s1-t0",
      "begin" : 27,
      "end" : 31,
      "text" : "This",
      "whiteSpace" : false
    }, {
      "id" : "s1-t1",
      "begin" : 32,
      "end" : 34,
      "text" : "is",
      "whiteSpace" : false
    }, {
      "id" : "s1-t2",
      "begin" : 35,
      "end" : 42,
      "text" : "Santosh",
      "whiteSpace" : false
    }, {
      "id" : "s1-t3",
      "begin" : 42,
      "end" : 43,
      "text" : ".",
      "whiteSpace" : false
    } ]
  }, {
    "id" : "s2",
    "begin" : 44,
    "end" : 244,
    "text" : "How can I help you\nCaller: I want to change my address\nRep: For which number sir\nCaller: 123456789\nRep: For verification may I know your name and email id\nCaller: My name is Randeep\nRep: And email id?",
    "tokens" : [ {
      "id" : "s2-t0",
      "begin" : 44,
      "end" : 47,
      "text" : "How",
      "whiteSpace" : false
    }, {
      "id" : "s2-t1",
      "begin" : 48,
      "end" : 51,
      "text" : "can",
      "whiteSpace" : false
    }, {
      "id" : "s2-t2",
      "begin" : 52,
      "end" : 53,
      "text" : "I",
      "whiteSpace" : false
    }, {
      "id" : "s2-t3",
      "begin" : 54,
      "end" : 58,
      "text" : "help",
      "whiteSpace" : false
    }, {
      "id" : "s2-t4",
      "begin" : 59,
      "end" : 62,
      "text" : "you",
      "whiteSpace" : false
    }, {
      "id" : "s2-t5",
      "begin" : 63,
      "end" : 69,
      "text" : "Caller",
      "whiteSpace" : false
    }, {
      "id" : "s2-t6",
      "begin" : 69,
      "end" : 70,
      "text" : ":",
      "whiteSpace" : false
    }, {
      "id" : "s2-t7",
      "begin" : 71,
      "end" : 72,
      "text" : "I",
      "whiteSpace" : false
    }, {
      "id" : "s2-t8",
      "begin" : 73,
      "end" : 77,
      "text" : "want",
      "whiteSpace" : false
    }, {
      "id" : "s2-t9",
      "begin" : 78,
      "end" : 80,
      "text" : "to",
      "whiteSpace" : false
    }, {
      "id" : "s2-t10",
      "begin" : 81,
      "end" : 87,
      "text" : "change",
      "whiteSpace" : false
    }, {
      "id" : "s2-t11",
      "begin" : 88,
      "end" : 90,
      "text" : "my",
      "whiteSpace" : false
    }, {
      "id" : "s2-t12",
      "begin" : 91,
      "end" : 98,
      "text" : "address",
      "whiteSpace" : false
    }, {
      "id" : "s2-t13",
      "begin" : 99,
      "end" : 102,
      "text" : "Rep",
      "whiteSpace" : false
    }, {
      "id" : "s2-t14",
      "begin" : 102,
      "end" : 103,
      "text" : ":",
      "whiteSpace" : false
    }, {
      "id" : "s2-t15",
      "begin" : 104,
      "end" : 107,
      "text" : "For",
      "whiteSpace" : false
    }, {
      "id" : "s2-t16",
      "begin" : 108,
      "end" : 113,
      "text" : "which",
      "whiteSpace" : false
    }, {
      "id" : "s2-t17",
      "begin" : 114,
      "end" : 120,
      "text" : "number",
      "whiteSpace" : false
    }, {
      "id" : "s2-t18",
      "begin" : 121,
      "end" : 124,
      "text" : "sir",
      "whiteSpace" : false
    }, {
      "id" : "s2-t19",
      "begin" : 125,
      "end" : 131,
      "text" : "Caller",
      "whiteSpace" : false
    }, {
      "id" : "s2-t20",
      "begin" : 131,
      "end" : 132,
      "text" : ":",
      "whiteSpace" : false
    }, {
      "id" : "s2-t21",
      "begin" : 133,
      "end" : 142,
      "text" : "123456789",
      "whiteSpace" : false
    }, {
      "id" : "s2-t22",
      "begin" : 143,
      "end" : 146,
      "text" : "Rep",
      "whiteSpace" : false
    }, {
      "id" : "s2-t23",
      "begin" : 146,
      "end" : 147,
      "text" : ":",
      "whiteSpace" : false
    }, {
      "id" : "s2-t24",
      "begin" : 148,
      "end" : 151,
      "text" : "For",
      "whiteSpace" : false
    }, {
      "id" : "s2-t25",
      "begin" : 152,
      "end" : 164,
      "text" : "verification",
      "whiteSpace" : false
    }, {
      "id" : "s2-t26",
      "begin" : 165,
      "end" : 168,
      "text" : "may",
      "whiteSpace" : false
    }, {
      "id" : "s2-t27",
      "begin" : 169,
      "end" : 170,
      "text" : "I",
      "whiteSpace" : false
    }, {
      "id" : "s2-t28",
      "begin" : 171,
      "end" : 175,
      "text" : "know",
      "whiteSpace" : false
    }, {
      "id" : "s2-t29",
      "begin" : 176,
      "end" : 180,
      "text" : "your",
      "whiteSpace" : false
    }, {
      "id" : "s2-t30",
      "begin" : 181,
      "end" : 185,
      "text" : "name",
      "whiteSpace" : false
    }, {
      "id" : "s2-t31",
      "begin" : 186,
      "end" : 189,
      "text" : "and",
      "whiteSpace" : false
    }, {
      "id" : "s2-t32",
      "begin" : 190,
      "end" : 195,
      "text" : "email",
      "whiteSpace" : false
    }, {
      "id" : "s2-t33",
      "begin" : 196,
      "end" : 198,
      "text" : "id",
      "whiteSpace" : false
    }, {
      "id" : "s2-t34",
      "begin" : 199,
      "end" : 205,
      "text" : "Caller",
      "whiteSpace" : false
    }, {
      "id" : "s2-t35",
      "begin" : 205,
      "end" : 206,
      "text" : ":",
      "whiteSpace" : false
    }, {
      "id" : "s2-t36",
      "begin" : 207,
      "end" : 209,
      "text" : "My",
      "whiteSpace" : false
    }, {
      "id" : "s2-t37",
      "begin" : 210,
      "end" : 214,
      "text" : "name",
      "whiteSpace" : false
    }, {
      "id" : "s2-t38",
      "begin" : 215,
      "end" : 217,
      "text" : "is",
      "whiteSpace" : false
    }, {
      "id" : "s2-t39",
      "begin" : 218,
      "end" : 225,
      "text" : "Randeep",
      "whiteSpace" : false
    }, {
      "id" : "s2-t40",
      "begin" : 226,
      "end" : 229,
      "text" : "Rep",
      "whiteSpace" : false
    }, {
      "id" : "s2-t41",
      "begin" : 229,
      "end" : 230,
      "text" : ":",
      "whiteSpace" : false
    }, {
      "id" : "s2-t42",
      "begin" : 231,
      "end" : 234,
      "text" : "And",
      "whiteSpace" : false
    }, {
      "id" : "s2-t43",
      "begin" : 235,
      "end" : 240,
      "text" : "email",
      "whiteSpace" : false
    }, {
      "id" : "s2-t44",
      "begin" : 241,
      "end" : 243,
      "text" : "id",
      "whiteSpace" : false
    }, {
      "id" : "s2-t45",
      "begin" : 243,
      "end" : 244,
      "text" : "?",
      "whiteSpace" : false
    } ]
  }, {
    "id" : "s3",
    "begin" : 245,
    "end" : 321,
    "text" : "Caller: Randeep@rediffmail.com\nRep: Thank you for providing the information.",
    "tokens" : [ {
      "id" : "s3-t0",
      "begin" : 245,
      "end" : 251,
      "text" : "Caller",
      "whiteSpace" : false
    }, {
      "id" : "s3-t1",
      "begin" : 251,
      "end" : 252,
      "text" : ":",
      "whiteSpace" : false
    }, {
      "id" : "s3-t2",
      "begin" : 253,
      "end" : 275,
      "text" : "Randeep@rediffmail.com",
      "whiteSpace" : false
    }, {
      "id" : "s3-t3",
      "begin" : 276,
      "end" : 279,
      "text" : "Rep",
      "whiteSpace" : false
    }, {
      "id" : "s3-t4",
      "begin" : 279,
      "end" : 280,
      "text" : ":",
      "whiteSpace" : false
    }, {
      "id" : "s3-t5",
      "begin" : 281,
      "end" : 286,
      "text" : "Thank",
      "whiteSpace" : false
    }, {
      "id" : "s3-t6",
      "begin" : 287,
      "end" : 290,
      "text" : "you",
      "whiteSpace" : false
    }, {
      "id" : "s3-t7",
      "begin" : 291,
      "end" : 294,
      "text" : "for",
      "whiteSpace" : false
    }, {
      "id" : "s3-t8",
      "begin" : 295,
      "end" : 304,
      "text" : "providing",
      "whiteSpace" : false
    }, {
      "id" : "s3-t9",
      "begin" : 305,
      "end" : 308,
      "text" : "the",
      "whiteSpace" : false
    }, {
      "id" : "s3-t10",
      "begin" : 309,
      "end" : 320,
      "text" : "information",
      "whiteSpace" : false
    }, {
      "id" : "s3-t11",
      "begin" : 320,
      "end" : 321,
      "text" : ".",
      "whiteSpace" : false
    } ]
  }, {
    "id" : "s4",
    "begin" : 322,
    "end" : 564,
    "text" : "So you need to change your address right\nCaller: yes\nRep: May I know your new address please\nCaller: My new address is flat 1564, sarvodaya heights, 4T cross, Jayanagar, Bengaluru - 560020\nRep: I have taken your request to update the address.",
    "tokens" : [ {
      "id" : "s4-t0",
      "begin" : 322,
      "end" : 324,
      "text" : "So",
      "whiteSpace" : false
    }, {
      "id" : "s4-t1",
      "begin" : 325,
      "end" : 328,
      "text" : "you",
      "whiteSpace" : false
    }, {
      "id" : "s4-t2",
      "begin" : 329,
      "end" : 333,
      "text" : "need",
      "whiteSpace" : false
    }, {
      "id" : "s4-t3",
      "begin" : 334,
      "end" : 336,
      "text" : "to",
      "whiteSpace" : false
    }, {
      "id" : "s4-t4",
      "begin" : 337,
      "end" : 343,
      "text" : "change",
      "whiteSpace" : false
    }, {
      "id" : "s4-t5",
      "begin" : 344,
      "end" : 348,
      "text" : "your",
      "whiteSpace" : false
    }, {
      "id" : "s4-t6",
      "begin" : 349,
      "end" : 356,
      "text" : "address",
      "whiteSpace" : false
    }, {
      "id" : "s4-t7",
      "begin" : 357,
      "end" : 362,
      "text" : "right",
      "whiteSpace" : false
    }, {
      "id" : "s4-t8",
      "begin" : 363,
      "end" : 369,
      "text" : "Caller",
      "whiteSpace" : false
    }, {
      "id" : "s4-t9",
      "begin" : 369,
      "end" : 370,
      "text" : ":",
      "whiteSpace" : false
    }, {
      "id" : "s4-t10",
      "begin" : 371,
      "end" : 374,
      "text" : "yes",
      "whiteSpace" : false
    }, {
      "id" : "s4-t11",
      "begin" : 375,
      "end" : 378,
      "text" : "Rep",
      "whiteSpace" : false
    }, {
      "id" : "s4-t12",
      "begin" : 378,
      "end" : 379,
      "text" : ":",
      "whiteSpace" : false
    }, {
      "id" : "s4-t13",
      "begin" : 380,
      "end" : 383,
      "text" : "May",
      "whiteSpace" : false
    }, {
      "id" : "s4-t14",
      "begin" : 384,
      "end" : 385,
      "text" : "I",
      "whiteSpace" : false
    }, {
      "id" : "s4-t15",
      "begin" : 386,
      "end" : 390,
      "text" : "know",
      "whiteSpace" : false
    }, {
      "id" : "s4-t16",
      "begin" : 391,
      "end" : 395,
      "text" : "your",
      "whiteSpace" : false
    }, {
      "id" : "s4-t17",
      "begin" : 396,
      "end" : 399,
      "text" : "new",
      "whiteSpace" : false
    }, {
      "id" : "s4-t18",
      "begin" : 400,
      "end" : 407,
      "text" : "address",
      "whiteSpace" : false
    }, {
      "id" : "s4-t19",
      "begin" : 408,
      "end" : 414,
      "text" : "please",
      "whiteSpace" : false
    }, {
      "id" : "s4-t20",
      "begin" : 415,
      "end" : 421,
      "text" : "Caller",
      "whiteSpace" : false
    }, {
      "id" : "s4-t21",
      "begin" : 421,
      "end" : 422,
      "text" : ":",
      "whiteSpace" : false
    }, {
      "id" : "s4-t22",
      "begin" : 423,
      "end" : 425,
      "text" : "My",
      "whiteSpace" : false
    }, {
      "id" : "s4-t23",
      "begin" : 426,
      "end" : 429,
      "text" : "new",
      "whiteSpace" : false
    }, {
      "id" : "s4-t24",
      "begin" : 430,
      "end" : 437,
      "text" : "address",
      "whiteSpace" : false
    }, {
      "id" : "s4-t25",
      "begin" : 438,
      "end" : 440,
      "text" : "is",
      "whiteSpace" : false
    }, {
      "id" : "s4-t26",
      "begin" : 441,
      "end" : 445,
      "text" : "flat",
      "whiteSpace" : false
    }, {
      "id" : "s4-t27",
      "begin" : 446,
      "end" : 450,
      "text" : "1564",
      "whiteSpace" : false
    }, {
      "id" : "s4-t28",
      "begin" : 450,
      "end" : 451,
      "text" : ",",
      "whiteSpace" : false
    }, {
      "id" : "s4-t29",
      "begin" : 452,
      "end" : 461,
      "text" : "sarvodaya",
      "whiteSpace" : false
    }, {
      "id" : "s4-t30",
      "begin" : 462,
      "end" : 469,
      "text" : "heights",
      "whiteSpace" : false
    }, {
      "id" : "s4-t31",
      "begin" : 469,
      "end" : 470,
      "text" : ",",
      "whiteSpace" : false
    }, {
      "id" : "s4-t32",
      "begin" : 471,
      "end" : 473,
      "text" : "4T",
      "whiteSpace" : false
    }, {
      "id" : "s4-t33",
      "begin" : 474,
      "end" : 479,
      "text" : "cross",
      "whiteSpace" : false
    }, {
      "id" : "s4-t34",
      "begin" : 479,
      "end" : 480,
      "text" : ",",
      "whiteSpace" : false
    }, {
      "id" : "s4-t35",
      "begin" : 481,
      "end" : 490,
      "text" : "Jayanagar",
      "whiteSpace" : false
    }, {
      "id" : "s4-t36",
      "begin" : 490,
      "end" : 491,
      "text" : ",",
      "whiteSpace" : false
    }, {
      "id" : "s4-t37",
      "begin" : 492,
      "end" : 501,
      "text" : "Bengaluru",
      "whiteSpace" : false
    }, {
      "id" : "s4-t38",
      "begin" : 502,
      "end" : 503,
      "text" : "-",
      "whiteSpace" : false
    }, {
      "id" : "s4-t39",
      "begin" : 504,
      "end" : 510,
      "text" : "560020",
      "whiteSpace" : false
    }, {
      "id" : "s4-t40",
      "begin" : 511,
      "end" : 514,
      "text" : "Rep",
      "whiteSpace" : false
    }, {
      "id" : "s4-t41",
      "begin" : 514,
      "end" : 515,
      "text" : ":",
      "whiteSpace" : false
    }, {
      "id" : "s4-t42",
      "begin" : 516,
      "end" : 517,
      "text" : "I",
      "whiteSpace" : false
    }, {
      "id" : "s4-t43",
      "begin" : 518,
      "end" : 522,
      "text" : "have",
      "whiteSpace" : false
    }, {
      "id" : "s4-t44",
      "begin" : 523,
      "end" : 528,
      "text" : "taken",
      "whiteSpace" : false
    }, {
      "id" : "s4-t45",
      "begin" : 529,
      "end" : 533,
      "text" : "your",
      "whiteSpace" : false
    }, {
      "id" : "s4-t46",
      "begin" : 534,
      "end" : 541,
      "text" : "request",
      "whiteSpace" : false
    }, {
      "id" : "s4-t47",
      "begin" : 542,
      "end" : 544,
      "text" : "to",
      "whiteSpace" : false
    }, {
      "id" : "s4-t48",
      "begin" : 545,
      "end" : 551,
      "text" : "update",
      "whiteSpace" : false
    }, {
      "id" : "s4-t49",
      "begin" : 552,
      "end" : 555,
      "text" : "the",
      "whiteSpace" : false
    }, {
      "id" : "s4-t50",
      "begin" : 556,
      "end" : 563,
      "text" : "address",
      "whiteSpace" : false
    }, {
      "id" : "s4-t51",
      "begin" : 563,
      "end" : 564,
      "text" : ".",
      "whiteSpace" : false
    } ]
  }, {
    "id" : "s5",
    "begin" : 565,
    "end" : 734,
    "text" : "For validation please send scanned copy of your address proof to customercare@vodaphone.com\nCaller: Ok, I will send\nRep: Is there anything else that I can help you with.",
    "tokens" : [ {
      "id" : "s5-t0",
      "begin" : 565,
      "end" : 568,
      "text" : "For",
      "whiteSpace" : false
    }, {
      "id" : "s5-t1",
      "begin" : 569,
      "end" : 579,
      "text" : "validation",
      "whiteSpace" : false
    }, {
      "id" : "s5-t2",
      "begin" : 580,
      "end" : 586,
      "text" : "please",
      "whiteSpace" : false
    }, {
      "id" : "s5-t3",
      "begin" : 587,
      "end" : 591,
      "text" : "send",
      "whiteSpace" : false
    }, {
      "id" : "s5-t4",
      "begin" : 592,
      "end" : 599,
      "text" : "scanned",
      "whiteSpace" : false
    }, {
      "id" : "s5-t5",
      "begin" : 600,
      "end" : 604,
      "text" : "copy",
      "whiteSpace" : false
    }, {
      "id" : "s5-t6",
      "begin" : 605,
      "end" : 607,
      "text" : "of",
      "whiteSpace" : false
    }, {
      "id" : "s5-t7",
      "begin" : 608,
      "end" : 612,
      "text" : "your",
      "whiteSpace" : false
    }, {
      "id" : "s5-t8",
      "begin" : 613,
      "end" : 620,
      "text" : "address",
      "whiteSpace" : false
    }, {
      "id" : "s5-t9",
      "begin" : 621,
      "end" : 626,
      "text" : "proof",
      "whiteSpace" : false
    }, {
      "id" : "s5-t10",
      "begin" : 627,
      "end" : 629,
      "text" : "to",
      "whiteSpace" : false
    }, {
      "id" : "s5-t11",
      "begin" : 630,
      "end" : 656,
      "text" : "customercare@vodaphone.com",
      "whiteSpace" : false
    }, {
      "id" : "s5-t12",
      "begin" : 657,
      "end" : 663,
      "text" : "Caller",
      "whiteSpace" : false
    }, {
      "id" : "s5-t13",
      "begin" : 663,
      "end" : 664,
      "text" : ":",
      "whiteSpace" : false
    }, {
      "id" : "s5-t14",
      "begin" : 665,
      "end" : 667,
      "text" : "Ok",
      "whiteSpace" : false
    }, {
      "id" : "s5-t15",
      "begin" : 667,
      "end" : 668,
      "text" : ",",
      "whiteSpace" : false
    }, {
      "id" : "s5-t16",
      "begin" : 669,
      "end" : 670,
      "text" : "I",
      "whiteSpace" : false
    }, {
      "id" : "s5-t17",
      "begin" : 671,
      "end" : 675,
      "text" : "will",
      "whiteSpace" : false
    }, {
      "id" : "s5-t18",
      "begin" : 676,
      "end" : 680,
      "text" : "send",
      "whiteSpace" : false
    }, {
      "id" : "s5-t19",
      "begin" : 681,
      "end" : 684,
      "text" : "Rep",
      "whiteSpace" : false
    }, {
      "id" : "s5-t20",
      "begin" : 684,
      "end" : 685,
      "text" : ":",
      "whiteSpace" : false
    }, {
      "id" : "s5-t21",
      "begin" : 686,
      "end" : 688,
      "text" : "Is",
      "whiteSpace" : false
    }, {
      "id" : "s5-t22",
      "begin" : 689,
      "end" : 694,
      "text" : "there",
      "whiteSpace" : false
    }, {
      "id" : "s5-t23",
      "begin" : 695,
      "end" : 703,
      "text" : "anything",
      "whiteSpace" : false
    }, {
      "id" : "s5-t24",
      "begin" : 704,
      "end" : 708,
      "text" : "else",
      "whiteSpace" : false
    }, {
      "id" : "s5-t25",
      "begin" : 709,
      "end" : 713,
      "text" : "that",
      "whiteSpace" : false
    }, {
      "id" : "s5-t26",
      "begin" : 714,
      "end" : 715,
      "text" : "I",
      "whiteSpace" : false
    }, {
      "id" : "s5-t27",
      "begin" : 716,
      "end" : 719,
      "text" : "can",
      "whiteSpace" : false
    }, {
      "id" : "s5-t28",
      "begin" : 720,
      "end" : 724,
      "text" : "help",
      "whiteSpace" : false
    }, {
      "id" : "s5-t29",
      "begin" : 725,
      "end" : 728,
      "text" : "you",
      "whiteSpace" : false
    }, {
      "id" : "s5-t30",
      "begin" : 729,
      "end" : 733,
      "text" : "with",
      "whiteSpace" : false
    }, {
      "id" : "s5-t31",
      "begin" : 733,
      "end" : 734,
      "text" : ".",
      "whiteSpace" : false
    } ]
  }, {
    "id" : "s6",
    "begin" : 735,
    "end" : 773,
    "text" : "Caller: No thanks\nRep: Have a good day",
    "tokens" : [ {
      "id" : "s6-t0",
      "begin" : 735,
      "end" : 741,
      "text" : "Caller",
      "whiteSpace" : false
    }, {
      "id" : "s6-t1",
      "begin" : 741,
      "end" : 742,
      "text" : ":",
      "whiteSpace" : false
    }, {
      "id" : "s6-t2",
      "begin" : 743,
      "end" : 745,
      "text" : "No",
      "whiteSpace" : false
    }, {
      "id" : "s6-t3",
      "begin" : 746,
      "end" : 752,
      "text" : "thanks",
      "whiteSpace" : false
    }, {
      "id" : "s6-t4",
      "begin" : 753,
      "end" : 756,
      "text" : "Rep",
      "whiteSpace" : false
    }, {
      "id" : "s6-t5",
      "begin" : 756,
      "end" : 757,
      "text" : ":",
      "whiteSpace" : false
    }, {
      "id" : "s6-t6",
      "begin" : 758,
      "end" : 762,
      "text" : "Have",
      "whiteSpace" : false
    }, {
      "id" : "s6-t7",
      "begin" : 763,
      "end" : 764,
      "text" : "a",
      "whiteSpace" : false
    }, {
      "id" : "s6-t8",
      "begin" : 765,
      "end" : 769,
      "text" : "good",
      "whiteSpace" : false
    }, {
      "id" : "s6-t9",
      "begin" : 770,
      "end" : 773,
      "text" : "day",
      "whiteSpace" : false
    } ]
  } ],
  "mentions" : [ ],
  "relations" : [ ],
  "corefs" : [ ],
  "typeResolved" : true,
  "userResolved" : false
}