{
  "id" : "b39fdf60-bd4d-11e7-af2d-855b67e2d9c7-1",
  "name" : "Chat002.txt",
  "version" : 3,
  "text" : "Rep: This is Shilpa. How can I help you?\nCaller: Hi Shilpa, This is Alex. I want to know that why there is no network from yesterday.\nRep: Sure, I can help you. Do you want to know about the network for the number from which you are calling now?\nCaller: yes\nRep: For verification purpose may I know your date of birth and email id\nCaller: My date of birth is 15th November 1989 and my email id is alex.champ@gmail.com\nRep: Sorry Sir, your due amount is pending from last 2 months, so your service is disconnected for some time.\nCaller: Ohh, is it?.. I want to submit the pending amount.\nRep: Ok Sir, Please tell me your company name and employee id\nCaller: I work for IBM and my employee id is 186009\nRep: Ok.. Just submit the remaining bill amount, your number will start working within 3 hours. Is there anything else that I may help you with\nCaller: No\nRep: Thanks for calling Vodaphone. Have a good day.\nCaller: you too\n",
  "docLength" : 0,
  "language" : "EN",
  "status" : "READY",
  "modifiedDate" : 1509352708182,
  "documentSet" : [ ],
  "preannotation" : [ ],
  "sentences" : [ {
    "id" : "s0",
    "begin" : 0,
    "end" : 20,
    "text" : "Rep: This is Shilpa.",
    "tokens" : [ {
      "id" : "s0-t0",
      "begin" : 0,
      "end" : 3,
      "text" : "Rep",
      "whiteSpace" : false
    }, {
      "id" : "s0-t1",
      "begin" : 3,
      "end" : 4,
      "text" : ":",
      "whiteSpace" : false
    }, {
      "id" : "s0-t2",
      "begin" : 5,
      "end" : 9,
      "text" : "This",
      "whiteSpace" : false
    }, {
      "id" : "s0-t3",
      "begin" : 10,
      "end" : 12,
      "text" : "is",
      "whiteSpace" : false
    }, {
      "id" : "s0-t4",
      "begin" : 13,
      "end" : 19,
      "text" : "Shilpa",
      "whiteSpace" : false
    }, {
      "id" : "s0-t5",
      "begin" : 19,
      "end" : 20,
      "text" : ".",
      "whiteSpace" : false
    } ]
  }, {
    "id" : "s1",
    "begin" : 21,
    "end" : 40,
    "text" : "How can I help you?",
    "tokens" : [ {
      "id" : "s1-t0",
      "begin" : 21,
      "end" : 24,
      "text" : "How",
      "whiteSpace" : false
    }, {
      "id" : "s1-t1",
      "begin" : 25,
      "end" : 28,
      "text" : "can",
      "whiteSpace" : false
    }, {
      "id" : "s1-t2",
      "begin" : 29,
      "end" : 30,
      "text" : "I",
      "whiteSpace" : false
    }, {
      "id" : "s1-t3",
      "begin" : 31,
      "end" : 35,
      "text" : "help",
      "whiteSpace" : false
    }, {
      "id" : "s1-t4",
      "begin" : 36,
      "end" : 39,
      "text" : "you",
      "whiteSpace" : false
    }, {
      "id" : "s1-t5",
      "begin" : 39,
      "end" : 40,
      "text" : "?",
      "whiteSpace" : false
    } ]
  }, {
    "id" : "s2",
    "begin" : 41,
    "end" : 73,
    "text" : "Caller: Hi Shilpa, This is Alex.",
    "tokens" : [ {
      "id" : "s2-t0",
      "begin" : 41,
      "end" : 47,
      "text" : "Caller",
      "whiteSpace" : false
    }, {
      "id" : "s2-t1",
      "begin" : 47,
      "end" : 48,
      "text" : ":",
      "whiteSpace" : false
    }, {
      "id" : "s2-t2",
      "begin" : 49,
      "end" : 51,
      "text" : "Hi",
      "whiteSpace" : false
    }, {
      "id" : "s2-t3",
      "begin" : 52,
      "end" : 58,
      "text" : "Shilpa",
      "whiteSpace" : false
    }, {
      "id" : "s2-t4",
      "begin" : 58,
      "end" : 59,
      "text" : ",",
      "whiteSpace" : false
    }, {
      "id" : "s2-t5",
      "begin" : 60,
      "end" : 64,
      "text" : "This",
      "whiteSpace" : false
    }, {
      "id" : "s2-t6",
      "begin" : 65,
      "end" : 67,
      "text" : "is",
      "whiteSpace" : false
    }, {
      "id" : "s2-t7",
      "begin" : 68,
      "end" : 72,
      "text" : "Alex",
      "whiteSpace" : false
    }, {
      "id" : "s2-t8",
      "begin" : 72,
      "end" : 73,
      "text" : ".",
      "whiteSpace" : false
    } ]
  }, {
    "id" : "s3",
    "begin" : 74,
    "end" : 133,
    "text" : "I want to know that why there is no network from yesterday.",
    "tokens" : [ {
      "id" : "s3-t0",
      "begin" : 74,
      "end" : 75,
      "text" : "I",
      "whiteSpace" : false
    }, {
      "id" : "s3-t1",
      "begin" : 76,
      "end" : 80,
      "text" : "want",
      "whiteSpace" : false
    }, {
      "id" : "s3-t2",
      "begin" : 81,
      "end" : 83,
      "text" : "to",
      "whiteSpace" : false
    }, {
      "id" : "s3-t3",
      "begin" : 84,
      "end" : 88,
      "text" : "know",
      "whiteSpace" : false
    }, {
      "id" : "s3-t4",
      "begin" : 89,
      "end" : 93,
      "text" : "that",
      "whiteSpace" : false
    }, {
      "id" : "s3-t5",
      "begin" : 94,
      "end" : 97,
      "text" : "why",
      "whiteSpace" : false
    }, {
      "id" : "s3-t6",
      "begin" : 98,
      "end" : 103,
      "text" : "there",
      "whiteSpace" : false
    }, {
      "id" : "s3-t7",
      "begin" : 104,
      "end" : 106,
      "text" : "is",
      "whiteSpace" : false
    }, {
      "id" : "s3-t8",
      "begin" : 107,
      "end" : 109,
      "text" : "no",
      "whiteSpace" : false
    }, {
      "id" : "s3-t9",
      "begin" : 110,
      "end" : 117,
      "text" : "network",
      "whiteSpace" : false
    }, {
      "id" : "s3-t10",
      "begin" : 118,
      "end" : 122,
      "text" : "from",
      "whiteSpace" : false
    }, {
      "id" : "s3-t11",
      "begin" : 123,
      "end" : 132,
      "text" : "yesterday",
      "whiteSpace" : false
    }, {
      "id" : "s3-t12",
      "begin" : 132,
      "end" : 133,
      "text" : ".",
      "whiteSpace" : false
    } ]
  }, {
    "id" : "s4",
    "begin" : 134,
    "end" : 160,
    "text" : "Rep: Sure, I can help you.",
    "tokens" : [ {
      "id" : "s4-t0",
      "begin" : 134,
      "end" : 137,
      "text" : "Rep",
      "whiteSpace" : false
    }, {
      "id" : "s4-t1",
      "begin" : 137,
      "end" : 138,
      "text" : ":",
      "whiteSpace" : false
    }, {
      "id" : "s4-t2",
      "begin" : 139,
      "end" : 143,
      "text" : "Sure",
      "whiteSpace" : false
    }, {
      "id" : "s4-t3",
      "begin" : 143,
      "end" : 144,
      "text" : ",",
      "whiteSpace" : false
    }, {
      "id" : "s4-t4",
      "begin" : 145,
      "end" : 146,
      "text" : "I",
      "whiteSpace" : false
    }, {
      "id" : "s4-t5",
      "begin" : 147,
      "end" : 150,
      "text" : "can",
      "whiteSpace" : false
    }, {
      "id" : "s4-t6",
      "begin" : 151,
      "end" : 155,
      "text" : "help",
      "whiteSpace" : false
    }, {
      "id" : "s4-t7",
      "begin" : 156,
      "end" : 159,
      "text" : "you",
      "whiteSpace" : false
    }, {
      "id" : "s4-t8",
      "begin" : 159,
      "end" : 160,
      "text" : ".",
      "whiteSpace" : false
    } ]
  }, {
    "id" : "s5",
    "begin" : 161,
    "end" : 245,
    "text" : "Do you want to know about the network for the number from which you are calling now?",
    "tokens" : [ {
      "id" : "s5-t0",
      "begin" : 161,
      "end" : 163,
      "text" : "Do",
      "whiteSpace" : false
    }, {
      "id" : "s5-t1",
      "begin" : 164,
      "end" : 167,
      "text" : "you",
      "whiteSpace" : false
    }, {
      "id" : "s5-t2",
      "begin" : 168,
      "end" : 172,
      "text" : "want",
      "whiteSpace" : false
    }, {
      "id" : "s5-t3",
      "begin" : 173,
      "end" : 175,
      "text" : "to",
      "whiteSpace" : false
    }, {
      "id" : "s5-t4",
      "begin" : 176,
      "end" : 180,
      "text" : "know",
      "whiteSpace" : false
    }, {
      "id" : "s5-t5",
      "begin" : 181,
      "end" : 186,
      "text" : "about",
      "whiteSpace" : false
    }, {
      "id" : "s5-t6",
      "begin" : 187,
      "end" : 190,
      "text" : "the",
      "whiteSpace" : false
    }, {
      "id" : "s5-t7",
      "begin" : 191,
      "end" : 198,
      "text" : "network",
      "whiteSpace" : false
    }, {
      "id" : "s5-t8",
      "begin" : 199,
      "end" : 202,
      "text" : "for",
      "whiteSpace" : false
    }, {
      "id" : "s5-t9",
      "begin" : 203,
      "end" : 206,
      "text" : "the",
      "whiteSpace" : false
    }, {
      "id" : "s5-t10",
      "begin" : 207,
      "end" : 213,
      "text" : "number",
      "whiteSpace" : false
    }, {
      "id" : "s5-t11",
      "begin" : 214,
      "end" : 218,
      "text" : "from",
      "whiteSpace" : false
    }, {
      "id" : "s5-t12",
      "begin" : 219,
      "end" : 224,
      "text" : "which",
      "whiteSpace" : false
    }, {
      "id" : "s5-t13",
      "begin" : 225,
      "end" : 228,
      "text" : "you",
      "whiteSpace" : false
    }, {
      "id" : "s5-t14",
      "begin" : 229,
      "end" : 232,
      "text" : "are",
      "whiteSpace" : false
    }, {
      "id" : "s5-t15",
      "begin" : 233,
      "end" : 240,
      "text" : "calling",
      "whiteSpace" : false
    }, {
      "id" : "s5-t16",
      "begin" : 241,
      "end" : 244,
      "text" : "now",
      "whiteSpace" : false
    }, {
      "id" : "s5-t17",
      "begin" : 244,
      "end" : 245,
      "text" : "?",
      "whiteSpace" : false
    } ]
  }, {
    "id" : "s6",
    "begin" : 246,
    "end" : 527,
    "text" : "Caller: yes\nRep: For verification purpose may I know your date of birth and email id\nCaller: My date of birth is 15th November 1989 and my email id is alex.champ@gmail.com\nRep: Sorry Sir, your due amount is pending from last 2 months, so your service is disconnected for some time.",
    "tokens" : [ {
      "id" : "s6-t0",
      "begin" : 246,
      "end" : 252,
      "text" : "Caller",
      "whiteSpace" : false
    }, {
      "id" : "s6-t1",
      "begin" : 252,
      "end" : 253,
      "text" : ":",
      "whiteSpace" : false
    }, {
      "id" : "s6-t2",
      "begin" : 254,
      "end" : 257,
      "text" : "yes",
      "whiteSpace" : false
    }, {
      "id" : "s6-t3",
      "begin" : 258,
      "end" : 261,
      "text" : "Rep",
      "whiteSpace" : false
    }, {
      "id" : "s6-t4",
      "begin" : 261,
      "end" : 262,
      "text" : ":",
      "whiteSpace" : false
    }, {
      "id" : "s6-t5",
      "begin" : 263,
      "end" : 266,
      "text" : "For",
      "whiteSpace" : false
    }, {
      "id" : "s6-t6",
      "begin" : 267,
      "end" : 279,
      "text" : "verification",
      "whiteSpace" : false
    }, {
      "id" : "s6-t7",
      "begin" : 280,
      "end" : 287,
      "text" : "purpose",
      "whiteSpace" : false
    }, {
      "id" : "s6-t8",
      "begin" : 288,
      "end" : 291,
      "text" : "may",
      "whiteSpace" : false
    }, {
      "id" : "s6-t9",
      "begin" : 292,
      "end" : 293,
      "text" : "I",
      "whiteSpace" : false
    }, {
      "id" : "s6-t10",
      "begin" : 294,
      "end" : 298,
      "text" : "know",
      "whiteSpace" : false
    }, {
      "id" : "s6-t11",
      "begin" : 299,
      "end" : 303,
      "text" : "your",
      "whiteSpace" : false
    }, {
      "id" : "s6-t12",
      "begin" : 304,
      "end" : 308,
      "text" : "date",
      "whiteSpace" : false
    }, {
      "id" : "s6-t13",
      "begin" : 309,
      "end" : 311,
      "text" : "of",
      "whiteSpace" : false
    }, {
      "id" : "s6-t14",
      "begin" : 312,
      "end" : 317,
      "text" : "birth",
      "whiteSpace" : false
    }, {
      "id" : "s6-t15",
      "begin" : 318,
      "end" : 321,
      "text" : "and",
      "whiteSpace" : false
    }, {
      "id" : "s6-t16",
      "begin" : 322,
      "end" : 327,
      "text" : "email",
      "whiteSpace" : false
    }, {
      "id" : "s6-t17",
      "begin" : 328,
      "end" : 330,
      "text" : "id",
      "whiteSpace" : false
    }, {
      "id" : "s6-t18",
      "begin" : 331,
      "end" : 337,
      "text" : "Caller",
      "whiteSpace" : false
    }, {
      "id" : "s6-t19",
      "begin" : 337,
      "end" : 338,
      "text" : ":",
      "whiteSpace" : false
    }, {
      "id" : "s6-t20",
      "begin" : 339,
      "end" : 341,
      "text" : "My",
      "whiteSpace" : false
    }, {
      "id" : "s6-t21",
      "begin" : 342,
      "end" : 346,
      "text" : "date",
      "whiteSpace" : false
    }, {
      "id" : "s6-t22",
      "begin" : 347,
      "end" : 349,
      "text" : "of",
      "whiteSpace" : false
    }, {
      "id" : "s6-t23",
      "begin" : 350,
      "end" : 355,
      "text" : "birth",
      "whiteSpace" : false
    }, {
      "id" : "s6-t24",
      "begin" : 356,
      "end" : 358,
      "text" : "is",
      "whiteSpace" : false
    }, {
      "id" : "s6-t25",
      "begin" : 359,
      "end" : 363,
      "text" : "15th",
      "whiteSpace" : false
    }, {
      "id" : "s6-t26",
      "begin" : 364,
      "end" : 372,
      "text" : "November",
      "whiteSpace" : false
    }, {
      "id" : "s6-t27",
      "begin" : 373,
      "end" : 377,
      "text" : "1989",
      "whiteSpace" : false
    }, {
      "id" : "s6-t28",
      "begin" : 378,
      "end" : 381,
      "text" : "and",
      "whiteSpace" : false
    }, {
      "id" : "s6-t29",
      "begin" : 382,
      "end" : 384,
      "text" : "my",
      "whiteSpace" : false
    }, {
      "id" : "s6-t30",
      "begin" : 385,
      "end" : 390,
      "text" : "email",
      "whiteSpace" : false
    }, {
      "id" : "s6-t31",
      "begin" : 391,
      "end" : 393,
      "text" : "id",
      "whiteSpace" : false
    }, {
      "id" : "s6-t32",
      "begin" : 394,
      "end" : 396,
      "text" : "is",
      "whiteSpace" : false
    }, {
      "id" : "s6-t33",
      "begin" : 397,
      "end" : 417,
      "text" : "alex.champ@gmail.com",
      "whiteSpace" : false
    }, {
      "id" : "s6-t34",
      "begin" : 418,
      "end" : 421,
      "text" : "Rep",
      "whiteSpace" : false
    }, {
      "id" : "s6-t35",
      "begin" : 421,
      "end" : 422,
      "text" : ":",
      "whiteSpace" : false
    }, {
      "id" : "s6-t36",
      "begin" : 423,
      "end" : 428,
      "text" : "Sorry",
      "whiteSpace" : false
    }, {
      "id" : "s6-t37",
      "begin" : 429,
      "end" : 432,
      "text" : "Sir",
      "whiteSpace" : false
    }, {
      "id" : "s6-t38",
      "begin" : 432,
      "end" : 433,
      "text" : ",",
      "whiteSpace" : false
    }, {
      "id" : "s6-t39",
      "begin" : 434,
      "end" : 438,
      "text" : "your",
      "whiteSpace" : false
    }, {
      "id" : "s6-t40",
      "begin" : 439,
      "end" : 442,
      "text" : "due",
      "whiteSpace" : false
    }, {
      "id" : "s6-t41",
      "begin" : 443,
      "end" : 449,
      "text" : "amount",
      "whiteSpace" : false
    }, {
      "id" : "s6-t42",
      "begin" : 450,
      "end" : 452,
      "text" : "is",
      "whiteSpace" : false
    }, {
      "id" : "s6-t43",
      "begin" : 453,
      "end" : 460,
      "text" : "pending",
      "whiteSpace" : false
    }, {
      "id" : "s6-t44",
      "begin" : 461,
      "end" : 465,
      "text" : "from",
      "whiteSpace" : false
    }, {
      "id" : "s6-t45",
      "begin" : 466,
      "end" : 470,
      "text" : "last",
      "whiteSpace" : false
    }, {
      "id" : "s6-t46",
      "begin" : 471,
      "end" : 472,
      "text" : "2",
      "whiteSpace" : false
    }, {
      "id" : "s6-t47",
      "begin" : 473,
      "end" : 479,
      "text" : "months",
      "whiteSpace" : false
    }, {
      "id" : "s6-t48",
      "begin" : 479,
      "end" : 480,
      "text" : ",",
      "whiteSpace" : false
    }, {
      "id" : "s6-t49",
      "begin" : 481,
      "end" : 483,
      "text" : "so",
      "whiteSpace" : false
    }, {
      "id" : "s6-t50",
      "begin" : 484,
      "end" : 488,
      "text" : "your",
      "whiteSpace" : false
    }, {
      "id" : "s6-t51",
      "begin" : 489,
      "end" : 496,
      "text" : "service",
      "whiteSpace" : false
    }, {
      "id" : "s6-t52",
      "begin" : 497,
      "end" : 499,
      "text" : "is",
      "whiteSpace" : false
    }, {
      "id" : "s6-t53",
      "begin" : 500,
      "end" : 512,
      "text" : "disconnected",
      "whiteSpace" : false
    }, {
      "id" : "s6-t54",
      "begin" : 513,
      "end" : 516,
      "text" : "for",
      "whiteSpace" : false
    }, {
      "id" : "s6-t55",
      "begin" : 517,
      "end" : 521,
      "text" : "some",
      "whiteSpace" : false
    }, {
      "id" : "s6-t56",
      "begin" : 522,
      "end" : 526,
      "text" : "time",
      "whiteSpace" : false
    }, {
      "id" : "s6-t57",
      "begin" : 526,
      "end" : 527,
      "text" : ".",
      "whiteSpace" : false
    } ]
  }, {
    "id" : "s7",
    "begin" : 528,
    "end" : 547,
    "text" : "Caller: Ohh, is it?",
    "tokens" : [ {
      "id" : "s7-t0",
      "begin" : 528,
      "end" : 534,
      "text" : "Caller",
      "whiteSpace" : false
    }, {
      "id" : "s7-t1",
      "begin" : 534,
      "end" : 535,
      "text" : ":",
      "whiteSpace" : false
    }, {
      "id" : "s7-t2",
      "begin" : 536,
      "end" : 539,
      "text" : "Ohh",
      "whiteSpace" : false
    }, {
      "id" : "s7-t3",
      "begin" : 539,
      "end" : 540,
      "text" : ",",
      "whiteSpace" : false
    }, {
      "id" : "s7-t4",
      "begin" : 541,
      "end" : 543,
      "text" : "is",
      "whiteSpace" : false
    }, {
      "id" : "s7-t5",
      "begin" : 544,
      "end" : 546,
      "text" : "it",
      "whiteSpace" : false
    }, {
      "id" : "s7-t6",
      "begin" : 546,
      "end" : 547,
      "text" : "?",
      "whiteSpace" : false
    } ]
  }, {
    "id" : "s8",
    "begin" : 547,
    "end" : 586,
    "text" : ".. I want to submit the pending amount.",
    "tokens" : [ {
      "id" : "s8-t0",
      "begin" : 547,
      "end" : 549,
      "text" : "..",
      "whiteSpace" : false
    }, {
      "id" : "s8-t1",
      "begin" : 550,
      "end" : 551,
      "text" : "I",
      "whiteSpace" : false
    }, {
      "id" : "s8-t2",
      "begin" : 552,
      "end" : 556,
      "text" : "want",
      "whiteSpace" : false
    }, {
      "id" : "s8-t3",
      "begin" : 557,
      "end" : 559,
      "text" : "to",
      "whiteSpace" : false
    }, {
      "id" : "s8-t4",
      "begin" : 560,
      "end" : 566,
      "text" : "submit",
      "whiteSpace" : false
    }, {
      "id" : "s8-t5",
      "begin" : 567,
      "end" : 570,
      "text" : "the",
      "whiteSpace" : false
    }, {
      "id" : "s8-t6",
      "begin" : 571,
      "end" : 578,
      "text" : "pending",
      "whiteSpace" : false
    }, {
      "id" : "s8-t7",
      "begin" : 579,
      "end" : 585,
      "text" : "amount",
      "whiteSpace" : false
    }, {
      "id" : "s8-t8",
      "begin" : 585,
      "end" : 586,
      "text" : ".",
      "whiteSpace" : false
    } ]
  }, {
    "id" : "s9",
    "begin" : 587,
    "end" : 796,
    "text" : "Rep: Ok Sir, Please tell me your company name and employee id\nCaller: I work for IBM and my employee id is 186009\nRep: Ok.. Just submit the remaining bill amount, your number will start working within 3 hours.",
    "tokens" : [ {
      "id" : "s9-t0",
      "begin" : 587,
      "end" : 590,
      "text" : "Rep",
      "whiteSpace" : false
    }, {
      "id" : "s9-t1",
      "begin" : 590,
      "end" : 591,
      "text" : ":",
      "whiteSpace" : false
    }, {
      "id" : "s9-t2",
      "begin" : 592,
      "end" : 594,
      "text" : "Ok",
      "whiteSpace" : false
    }, {
      "id" : "s9-t3",
      "begin" : 595,
      "end" : 598,
      "text" : "Sir",
      "whiteSpace" : false
    }, {
      "id" : "s9-t4",
      "begin" : 598,
      "end" : 599,
      "text" : ",",
      "whiteSpace" : false
    }, {
      "id" : "s9-t5",
      "begin" : 600,
      "end" : 606,
      "text" : "Please",
      "whiteSpace" : false
    }, {
      "id" : "s9-t6",
      "begin" : 607,
      "end" : 611,
      "text" : "tell",
      "whiteSpace" : false
    }, {
      "id" : "s9-t7",
      "begin" : 612,
      "end" : 614,
      "text" : "me",
      "whiteSpace" : false
    }, {
      "id" : "s9-t8",
      "begin" : 615,
      "end" : 619,
      "text" : "your",
      "whiteSpace" : false
    }, {
      "id" : "s9-t9",
      "begin" : 620,
      "end" : 627,
      "text" : "company",
      "whiteSpace" : false
    }, {
      "id" : "s9-t10",
      "begin" : 628,
      "end" : 632,
      "text" : "name",
      "whiteSpace" : false
    }, {
      "id" : "s9-t11",
      "begin" : 633,
      "end" : 636,
      "text" : "and",
      "whiteSpace" : false
    }, {
      "id" : "s9-t12",
      "begin" : 637,
      "end" : 645,
      "text" : "employee",
      "whiteSpace" : false
    }, {
      "id" : "s9-t13",
      "begin" : 646,
      "end" : 648,
      "text" : "id",
      "whiteSpace" : false
    }, {
      "id" : "s9-t14",
      "begin" : 649,
      "end" : 655,
      "text" : "Caller",
      "whiteSpace" : false
    }, {
      "id" : "s9-t15",
      "begin" : 655,
      "end" : 656,
      "text" : ":",
      "whiteSpace" : false
    }, {
      "id" : "s9-t16",
      "begin" : 657,
      "end" : 658,
      "text" : "I",
      "whiteSpace" : false
    }, {
      "id" : "s9-t17",
      "begin" : 659,
      "end" : 663,
      "text" : "work",
      "whiteSpace" : false
    }, {
      "id" : "s9-t18",
      "begin" : 664,
      "end" : 667,
      "text" : "for",
      "whiteSpace" : false
    }, {
      "id" : "s9-t19",
      "begin" : 668,
      "end" : 671,
      "text" : "IBM",
      "whiteSpace" : false
    }, {
      "id" : "s9-t20",
      "begin" : 672,
      "end" : 675,
      "text" : "and",
      "whiteSpace" : false
    }, {
      "id" : "s9-t21",
      "begin" : 676,
      "end" : 678,
      "text" : "my",
      "whiteSpace" : false
    }, {
      "id" : "s9-t22",
      "begin" : 679,
      "end" : 687,
      "text" : "employee",
      "whiteSpace" : false
    }, {
      "id" : "s9-t23",
      "begin" : 688,
      "end" : 690,
      "text" : "id",
      "whiteSpace" : false
    }, {
      "id" : "s9-t24",
      "begin" : 691,
      "end" : 693,
      "text" : "is",
      "whiteSpace" : false
    }, {
      "id" : "s9-t25",
      "begin" : 694,
      "end" : 700,
      "text" : "186009",
      "whiteSpace" : false
    }, {
      "id" : "s9-t26",
      "begin" : 701,
      "end" : 704,
      "text" : "Rep",
      "whiteSpace" : false
    }, {
      "id" : "s9-t27",
      "begin" : 704,
      "end" : 705,
      "text" : ":",
      "whiteSpace" : false
    }, {
      "id" : "s9-t28",
      "begin" : 706,
      "end" : 708,
      "text" : "Ok",
      "whiteSpace" : false
    }, {
      "id" : "s9-t29",
      "begin" : 708,
      "end" : 710,
      "text" : "..",
      "whiteSpace" : false
    }, {
      "id" : "s9-t30",
      "begin" : 711,
      "end" : 715,
      "text" : "Just",
      "whiteSpace" : false
    }, {
      "id" : "s9-t31",
      "begin" : 716,
      "end" : 722,
      "text" : "submit",
      "whiteSpace" : false
    }, {
      "id" : "s9-t32",
      "begin" : 723,
      "end" : 726,
      "text" : "the",
      "whiteSpace" : false
    }, {
      "id" : "s9-t33",
      "begin" : 727,
      "end" : 736,
      "text" : "remaining",
      "whiteSpace" : false
    }, {
      "id" : "s9-t34",
      "begin" : 737,
      "end" : 741,
      "text" : "bill",
      "whiteSpace" : false
    }, {
      "id" : "s9-t35",
      "begin" : 742,
      "end" : 748,
      "text" : "amount",
      "whiteSpace" : false
    }, {
      "id" : "s9-t36",
      "begin" : 748,
      "end" : 749,
      "text" : ",",
      "whiteSpace" : false
    }, {
      "id" : "s9-t37",
      "begin" : 750,
      "end" : 754,
      "text" : "your",
      "whiteSpace" : false
    }, {
      "id" : "s9-t38",
      "begin" : 755,
      "end" : 761,
      "text" : "number",
      "whiteSpace" : false
    }, {
      "id" : "s9-t39",
      "begin" : 762,
      "end" : 766,
      "text" : "will",
      "whiteSpace" : false
    }, {
      "id" : "s9-t40",
      "begin" : 767,
      "end" : 772,
      "text" : "start",
      "whiteSpace" : false
    }, {
      "id" : "s9-t41",
      "begin" : 773,
      "end" : 780,
      "text" : "working",
      "whiteSpace" : false
    }, {
      "id" : "s9-t42",
      "begin" : 781,
      "end" : 787,
      "text" : "within",
      "whiteSpace" : false
    }, {
      "id" : "s9-t43",
      "begin" : 788,
      "end" : 789,
      "text" : "3",
      "whiteSpace" : false
    }, {
      "id" : "s9-t44",
      "begin" : 790,
      "end" : 795,
      "text" : "hours",
      "whiteSpace" : false
    }, {
      "id" : "s9-t45",
      "begin" : 795,
      "end" : 796,
      "text" : ".",
      "whiteSpace" : false
    } ]
  }, {
    "id" : "s10",
    "begin" : 797,
    "end" : 890,
    "text" : "Is there anything else that I may help you with\nCaller: No\nRep: Thanks for calling Vodaphone.",
    "tokens" : [ {
      "id" : "s10-t0",
      "begin" : 797,
      "end" : 799,
      "text" : "Is",
      "whiteSpace" : false
    }, {
      "id" : "s10-t1",
      "begin" : 800,
      "end" : 805,
      "text" : "there",
      "whiteSpace" : false
    }, {
      "id" : "s10-t2",
      "begin" : 806,
      "end" : 814,
      "text" : "anything",
      "whiteSpace" : false
    }, {
      "id" : "s10-t3",
      "begin" : 815,
      "end" : 819,
      "text" : "else",
      "whiteSpace" : false
    }, {
      "id" : "s10-t4",
      "begin" : 820,
      "end" : 824,
      "text" : "that",
      "whiteSpace" : false
    }, {
      "id" : "s10-t5",
      "begin" : 825,
      "end" : 826,
      "text" : "I",
      "whiteSpace" : false
    }, {
      "id" : "s10-t6",
      "begin" : 827,
      "end" : 830,
      "text" : "may",
      "whiteSpace" : false
    }, {
      "id" : "s10-t7",
      "begin" : 831,
      "end" : 835,
      "text" : "help",
      "whiteSpace" : false
    }, {
      "id" : "s10-t8",
      "begin" : 836,
      "end" : 839,
      "text" : "you",
      "whiteSpace" : false
    }, {
      "id" : "s10-t9",
      "begin" : 840,
      "end" : 844,
      "text" : "with",
      "whiteSpace" : false
    }, {
      "id" : "s10-t10",
      "begin" : 845,
      "end" : 851,
      "text" : "Caller",
      "whiteSpace" : false
    }, {
      "id" : "s10-t11",
      "begin" : 851,
      "end" : 852,
      "text" : ":",
      "whiteSpace" : false
    }, {
      "id" : "s10-t12",
      "begin" : 853,
      "end" : 855,
      "text" : "No",
      "whiteSpace" : false
    }, {
      "id" : "s10-t13",
      "begin" : 856,
      "end" : 859,
      "text" : "Rep",
      "whiteSpace" : false
    }, {
      "id" : "s10-t14",
      "begin" : 859,
      "end" : 860,
      "text" : ":",
      "whiteSpace" : false
    }, {
      "id" : "s10-t15",
      "begin" : 861,
      "end" : 867,
      "text" : "Thanks",
      "whiteSpace" : false
    }, {
      "id" : "s10-t16",
      "begin" : 868,
      "end" : 871,
      "text" : "for",
      "whiteSpace" : false
    }, {
      "id" : "s10-t17",
      "begin" : 872,
      "end" : 879,
      "text" : "calling",
      "whiteSpace" : false
    }, {
      "id" : "s10-t18",
      "begin" : 880,
      "end" : 889,
      "text" : "Vodaphone",
      "whiteSpace" : false
    }, {
      "id" : "s10-t19",
      "begin" : 889,
      "end" : 890,
      "text" : ".",
      "whiteSpace" : false
    } ]
  }, {
    "id" : "s11",
    "begin" : 891,
    "end" : 907,
    "text" : "Have a good day.",
    "tokens" : [ {
      "id" : "s11-t0",
      "begin" : 891,
      "end" : 895,
      "text" : "Have",
      "whiteSpace" : false
    }, {
      "id" : "s11-t1",
      "begin" : 896,
      "end" : 897,
      "text" : "a",
      "whiteSpace" : false
    }, {
      "id" : "s11-t2",
      "begin" : 898,
      "end" : 902,
      "text" : "good",
      "whiteSpace" : false
    }, {
      "id" : "s11-t3",
      "begin" : 903,
      "end" : 906,
      "text" : "day",
      "whiteSpace" : false
    }, {
      "id" : "s11-t4",
      "begin" : 906,
      "end" : 907,
      "text" : ".",
      "whiteSpace" : false
    } ]
  }, {
    "id" : "s12",
    "begin" : 908,
    "end" : 923,
    "text" : "Caller: you too",
    "tokens" : [ {
      "id" : "s12-t0",
      "begin" : 908,
      "end" : 914,
      "text" : "Caller",
      "whiteSpace" : false
    }, {
      "id" : "s12-t1",
      "begin" : 914,
      "end" : 915,
      "text" : ":",
      "whiteSpace" : false
    }, {
      "id" : "s12-t2",
      "begin" : 916,
      "end" : 919,
      "text" : "you",
      "whiteSpace" : false
    }, {
      "id" : "s12-t3",
      "begin" : 920,
      "end" : 923,
      "text" : "too",
      "whiteSpace" : false
    } ]
  } ],
  "mentions" : [ ],
  "relations" : [ ],
  "corefs" : [ ],
  "typeResolved" : true,
  "userResolved" : false
}