{
  "id" : "b39fdf60-bd4d-11e7-af2d-855b67e2d9c7-8",
  "name" : "Chat009.txt",
  "version" : 3,
  "text" : "Rep: Welcome to Vodaphone. This is Sanjay. How can I help you\nCaller: My billing is incorrect\nRep: May I have your phone number please\nCaller: Yes, my phone number is 8765453213\nRep: Who is this number registered to\nCaller: Amit\nRep: For verification can you confirm your date of birth and email id\nCaller: Date of birth is 20 July 1980 and email is amit@whatever.com\nRep: What's the issue in billing\nCaller: I am charged for data pack whereas I had requested for unsubscribing from data pack a month back\nRep: Apologies sir I will check Can I place your call on hold for a minute please?\nCaller: yes\nRep: Thanks\nRep: Yes, there seems to be an issue I will initiate reversal of data charges\nCaller: Thanks Can I get a hard copy of the bill to my address please?\nRep: Please confirm your address\nCaller: My address is house no 13, Block 2, nandini layout, Bengaluru - 560016\nRep: I have taken your request for paper bill which you will get it in a week\nCaller: ok\nRep: Is there anything else that I can help you with\nCaller: no\nRep: Thanks. Have a good day.. Bye\n",
  "docLength" : 0,
  "language" : "EN",
  "status" : "READY",
  "modifiedDate" : 1509352708182,
  "documentSet" : [ ],
  "preannotation" : [ ],
  "sentences" : [ {
    "id" : "s0",
    "begin" : 0,
    "end" : 26,
    "text" : "Rep: Welcome to Vodaphone.",
    "tokens" : [ {
      "id" : "s0-t0",
      "begin" : 0,
      "end" : 3,
      "text" : "Rep",
      "whiteSpace" : false
    }, {
      "id" : "s0-t1",
      "begin" : 3,
      "end" : 4,
      "text" : ":",
      "whiteSpace" : false
    }, {
      "id" : "s0-t2",
      "begin" : 5,
      "end" : 12,
      "text" : "Welcome",
      "whiteSpace" : false
    }, {
      "id" : "s0-t3",
      "begin" : 13,
      "end" : 15,
      "text" : "to",
      "whiteSpace" : false
    }, {
      "id" : "s0-t4",
      "begin" : 16,
      "end" : 25,
      "text" : "Vodaphone",
      "whiteSpace" : false
    }, {
      "id" : "s0-t5",
      "begin" : 25,
      "end" : 26,
      "text" : ".",
      "whiteSpace" : false
    } ]
  }, {
    "id" : "s1",
    "begin" : 27,
    "end" : 42,
    "text" : "This is Sanjay.",
    "tokens" : [ {
      "id" : "s1-t0",
      "begin" : 27,
      "end" : 31,
      "text" : "This",
      "whiteSpace" : false
    }, {
      "id" : "s1-t1",
      "begin" : 32,
      "end" : 34,
      "text" : "is",
      "whiteSpace" : false
    }, {
      "id" : "s1-t2",
      "begin" : 35,
      "end" : 41,
      "text" : "Sanjay",
      "whiteSpace" : false
    }, {
      "id" : "s1-t3",
      "begin" : 41,
      "end" : 42,
      "text" : ".",
      "whiteSpace" : false
    } ]
  }, {
    "id" : "s2",
    "begin" : 43,
    "end" : 588,
    "text" : "How can I help you\nCaller: My billing is incorrect\nRep: May I have your phone number please\nCaller: Yes, my phone number is 8765453213\nRep: Who is this number registered to\nCaller: Amit\nRep: For verification can you confirm your date of birth and email id\nCaller: Date of birth is 20 July 1980 and email is amit@whatever.com\nRep: What's the issue in billing\nCaller: I am charged for data pack whereas I had requested for unsubscribing from data pack a month back\nRep: Apologies sir I will check Can I place your call on hold for a minute please?",
    "tokens" : [ {
      "id" : "s2-t0",
      "begin" : 43,
      "end" : 46,
      "text" : "How",
      "whiteSpace" : false
    }, {
      "id" : "s2-t1",
      "begin" : 47,
      "end" : 50,
      "text" : "can",
      "whiteSpace" : false
    }, {
      "id" : "s2-t2",
      "begin" : 51,
      "end" : 52,
      "text" : "I",
      "whiteSpace" : false
    }, {
      "id" : "s2-t3",
      "begin" : 53,
      "end" : 57,
      "text" : "help",
      "whiteSpace" : false
    }, {
      "id" : "s2-t4",
      "begin" : 58,
      "end" : 61,
      "text" : "you",
      "whiteSpace" : false
    }, {
      "id" : "s2-t5",
      "begin" : 62,
      "end" : 68,
      "text" : "Caller",
      "whiteSpace" : false
    }, {
      "id" : "s2-t6",
      "begin" : 68,
      "end" : 69,
      "text" : ":",
      "whiteSpace" : false
    }, {
      "id" : "s2-t7",
      "begin" : 70,
      "end" : 72,
      "text" : "My",
      "whiteSpace" : false
    }, {
      "id" : "s2-t8",
      "begin" : 73,
      "end" : 80,
      "text" : "billing",
      "whiteSpace" : false
    }, {
      "id" : "s2-t9",
      "begin" : 81,
      "end" : 83,
      "text" : "is",
      "whiteSpace" : false
    }, {
      "id" : "s2-t10",
      "begin" : 84,
      "end" : 93,
      "text" : "incorrect",
      "whiteSpace" : false
    }, {
      "id" : "s2-t11",
      "begin" : 94,
      "end" : 97,
      "text" : "Rep",
      "whiteSpace" : false
    }, {
      "id" : "s2-t12",
      "begin" : 97,
      "end" : 98,
      "text" : ":",
      "whiteSpace" : false
    }, {
      "id" : "s2-t13",
      "begin" : 99,
      "end" : 102,
      "text" : "May",
      "whiteSpace" : false
    }, {
      "id" : "s2-t14",
      "begin" : 103,
      "end" : 104,
      "text" : "I",
      "whiteSpace" : false
    }, {
      "id" : "s2-t15",
      "begin" : 105,
      "end" : 109,
      "text" : "have",
      "whiteSpace" : false
    }, {
      "id" : "s2-t16",
      "begin" : 110,
      "end" : 114,
      "text" : "your",
      "whiteSpace" : false
    }, {
      "id" : "s2-t17",
      "begin" : 115,
      "end" : 120,
      "text" : "phone",
      "whiteSpace" : false
    }, {
      "id" : "s2-t18",
      "begin" : 121,
      "end" : 127,
      "text" : "number",
      "whiteSpace" : false
    }, {
      "id" : "s2-t19",
      "begin" : 128,
      "end" : 134,
      "text" : "please",
      "whiteSpace" : false
    }, {
      "id" : "s2-t20",
      "begin" : 135,
      "end" : 141,
      "text" : "Caller",
      "whiteSpace" : false
    }, {
      "id" : "s2-t21",
      "begin" : 141,
      "end" : 142,
      "text" : ":",
      "whiteSpace" : false
    }, {
      "id" : "s2-t22",
      "begin" : 143,
      "end" : 146,
      "text" : "Yes",
      "whiteSpace" : false
    }, {
      "id" : "s2-t23",
      "begin" : 146,
      "end" : 147,
      "text" : ",",
      "whiteSpace" : false
    }, {
      "id" : "s2-t24",
      "begin" : 148,
      "end" : 150,
      "text" : "my",
      "whiteSpace" : false
    }, {
      "id" : "s2-t25",
      "begin" : 151,
      "end" : 156,
      "text" : "phone",
      "whiteSpace" : false
    }, {
      "id" : "s2-t26",
      "begin" : 157,
      "end" : 163,
      "text" : "number",
      "whiteSpace" : false
    }, {
      "id" : "s2-t27",
      "begin" : 164,
      "end" : 166,
      "text" : "is",
      "whiteSpace" : false
    }, {
      "id" : "s2-t28",
      "begin" : 167,
      "end" : 177,
      "text" : "8765453213",
      "whiteSpace" : false
    }, {
      "id" : "s2-t29",
      "begin" : 178,
      "end" : 181,
      "text" : "Rep",
      "whiteSpace" : false
    }, {
      "id" : "s2-t30",
      "begin" : 181,
      "end" : 182,
      "text" : ":",
      "whiteSpace" : false
    }, {
      "id" : "s2-t31",
      "begin" : 183,
      "end" : 186,
      "text" : "Who",
      "whiteSpace" : false
    }, {
      "id" : "s2-t32",
      "begin" : 187,
      "end" : 189,
      "text" : "is",
      "whiteSpace" : false
    }, {
      "id" : "s2-t33",
      "begin" : 190,
      "end" : 194,
      "text" : "this",
      "whiteSpace" : false
    }, {
      "id" : "s2-t34",
      "begin" : 195,
      "end" : 201,
      "text" : "number",
      "whiteSpace" : false
    }, {
      "id" : "s2-t35",
      "begin" : 202,
      "end" : 212,
      "text" : "registered",
      "whiteSpace" : false
    }, {
      "id" : "s2-t36",
      "begin" : 213,
      "end" : 215,
      "text" : "to",
      "whiteSpace" : false
    }, {
      "id" : "s2-t37",
      "begin" : 216,
      "end" : 222,
      "text" : "Caller",
      "whiteSpace" : false
    }, {
      "id" : "s2-t38",
      "begin" : 222,
      "end" : 223,
      "text" : ":",
      "whiteSpace" : false
    }, {
      "id" : "s2-t39",
      "begin" : 224,
      "end" : 228,
      "text" : "Amit",
      "whiteSpace" : false
    }, {
      "id" : "s2-t40",
      "begin" : 229,
      "end" : 232,
      "text" : "Rep",
      "whiteSpace" : false
    }, {
      "id" : "s2-t41",
      "begin" : 232,
      "end" : 233,
      "text" : ":",
      "whiteSpace" : false
    }, {
      "id" : "s2-t42",
      "begin" : 234,
      "end" : 237,
      "text" : "For",
      "whiteSpace" : false
    }, {
      "id" : "s2-t43",
      "begin" : 238,
      "end" : 250,
      "text" : "verification",
      "whiteSpace" : false
    }, {
      "id" : "s2-t44",
      "begin" : 251,
      "end" : 254,
      "text" : "can",
      "whiteSpace" : false
    }, {
      "id" : "s2-t45",
      "begin" : 255,
      "end" : 258,
      "text" : "you",
      "whiteSpace" : false
    }, {
      "id" : "s2-t46",
      "begin" : 259,
      "end" : 266,
      "text" : "confirm",
      "whiteSpace" : false
    }, {
      "id" : "s2-t47",
      "begin" : 267,
      "end" : 271,
      "text" : "your",
      "whiteSpace" : false
    }, {
      "id" : "s2-t48",
      "begin" : 272,
      "end" : 276,
      "text" : "date",
      "whiteSpace" : false
    }, {
      "id" : "s2-t49",
      "begin" : 277,
      "end" : 279,
      "text" : "of",
      "whiteSpace" : false
    }, {
      "id" : "s2-t50",
      "begin" : 280,
      "end" : 285,
      "text" : "birth",
      "whiteSpace" : false
    }, {
      "id" : "s2-t51",
      "begin" : 286,
      "end" : 289,
      "text" : "and",
      "whiteSpace" : false
    }, {
      "id" : "s2-t52",
      "begin" : 290,
      "end" : 295,
      "text" : "email",
      "whiteSpace" : false
    }, {
      "id" : "s2-t53",
      "begin" : 296,
      "end" : 298,
      "text" : "id",
      "whiteSpace" : false
    }, {
      "id" : "s2-t54",
      "begin" : 299,
      "end" : 305,
      "text" : "Caller",
      "whiteSpace" : false
    }, {
      "id" : "s2-t55",
      "begin" : 305,
      "end" : 306,
      "text" : ":",
      "whiteSpace" : false
    }, {
      "id" : "s2-t56",
      "begin" : 307,
      "end" : 311,
      "text" : "Date",
      "whiteSpace" : false
    }, {
      "id" : "s2-t57",
      "begin" : 312,
      "end" : 314,
      "text" : "of",
      "whiteSpace" : false
    }, {
      "id" : "s2-t58",
      "begin" : 315,
      "end" : 320,
      "text" : "birth",
      "whiteSpace" : false
    }, {
      "id" : "s2-t59",
      "begin" : 321,
      "end" : 323,
      "text" : "is",
      "whiteSpace" : false
    }, {
      "id" : "s2-t60",
      "begin" : 324,
      "end" : 326,
      "text" : "20",
      "whiteSpace" : false
    }, {
      "id" : "s2-t61",
      "begin" : 327,
      "end" : 331,
      "text" : "July",
      "whiteSpace" : false
    }, {
      "id" : "s2-t62",
      "begin" : 332,
      "end" : 336,
      "text" : "1980",
      "whiteSpace" : false
    }, {
      "id" : "s2-t63",
      "begin" : 337,
      "end" : 340,
      "text" : "and",
      "whiteSpace" : false
    }, {
      "id" : "s2-t64",
      "begin" : 341,
      "end" : 346,
      "text" : "email",
      "whiteSpace" : false
    }, {
      "id" : "s2-t65",
      "begin" : 347,
      "end" : 349,
      "text" : "is",
      "whiteSpace" : false
    }, {
      "id" : "s2-t66",
      "begin" : 350,
      "end" : 367,
      "text" : "amit@whatever.com",
      "whiteSpace" : false
    }, {
      "id" : "s2-t67",
      "begin" : 368,
      "end" : 371,
      "text" : "Rep",
      "whiteSpace" : false
    }, {
      "id" : "s2-t68",
      "begin" : 371,
      "end" : 372,
      "text" : ":",
      "whiteSpace" : false
    }, {
      "id" : "s2-t69",
      "begin" : 373,
      "end" : 377,
      "text" : "What",
      "whiteSpace" : false
    }, {
      "id" : "s2-t70",
      "begin" : 377,
      "end" : 379,
      "text" : "'s",
      "whiteSpace" : false
    }, {
      "id" : "s2-t71",
      "begin" : 380,
      "end" : 383,
      "text" : "the",
      "whiteSpace" : false
    }, {
      "id" : "s2-t72",
      "begin" : 384,
      "end" : 389,
      "text" : "issue",
      "whiteSpace" : false
    }, {
      "id" : "s2-t73",
      "begin" : 390,
      "end" : 392,
      "text" : "in",
      "whiteSpace" : false
    }, {
      "id" : "s2-t74",
      "begin" : 393,
      "end" : 400,
      "text" : "billing",
      "whiteSpace" : false
    }, {
      "id" : "s2-t75",
      "begin" : 401,
      "end" : 407,
      "text" : "Caller",
      "whiteSpace" : false
    }, {
      "id" : "s2-t76",
      "begin" : 407,
      "end" : 408,
      "text" : ":",
      "whiteSpace" : false
    }, {
      "id" : "s2-t77",
      "begin" : 409,
      "end" : 410,
      "text" : "I",
      "whiteSpace" : false
    }, {
      "id" : "s2-t78",
      "begin" : 411,
      "end" : 413,
      "text" : "am",
      "whiteSpace" : false
    }, {
      "id" : "s2-t79",
      "begin" : 414,
      "end" : 421,
      "text" : "charged",
      "whiteSpace" : false
    }, {
      "id" : "s2-t80",
      "begin" : 422,
      "end" : 425,
      "text" : "for",
      "whiteSpace" : false
    }, {
      "id" : "s2-t81",
      "begin" : 426,
      "end" : 430,
      "text" : "data",
      "whiteSpace" : false
    }, {
      "id" : "s2-t82",
      "begin" : 431,
      "end" : 435,
      "text" : "pack",
      "whiteSpace" : false
    }, {
      "id" : "s2-t83",
      "begin" : 436,
      "end" : 443,
      "text" : "whereas",
      "whiteSpace" : false
    }, {
      "id" : "s2-t84",
      "begin" : 444,
      "end" : 445,
      "text" : "I",
      "whiteSpace" : false
    }, {
      "id" : "s2-t85",
      "begin" : 446,
      "end" : 449,
      "text" : "had",
      "whiteSpace" : false
    }, {
      "id" : "s2-t86",
      "begin" : 450,
      "end" : 459,
      "text" : "requested",
      "whiteSpace" : false
    }, {
      "id" : "s2-t87",
      "begin" : 460,
      "end" : 463,
      "text" : "for",
      "whiteSpace" : false
    }, {
      "id" : "s2-t88",
      "begin" : 464,
      "end" : 477,
      "text" : "unsubscribing",
      "whiteSpace" : false
    }, {
      "id" : "s2-t89",
      "begin" : 478,
      "end" : 482,
      "text" : "from",
      "whiteSpace" : false
    }, {
      "id" : "s2-t90",
      "begin" : 483,
      "end" : 487,
      "text" : "data",
      "whiteSpace" : false
    }, {
      "id" : "s2-t91",
      "begin" : 488,
      "end" : 492,
      "text" : "pack",
      "whiteSpace" : false
    }, {
      "id" : "s2-t92",
      "begin" : 493,
      "end" : 494,
      "text" : "a",
      "whiteSpace" : false
    }, {
      "id" : "s2-t93",
      "begin" : 495,
      "end" : 500,
      "text" : "month",
      "whiteSpace" : false
    }, {
      "id" : "s2-t94",
      "begin" : 501,
      "end" : 505,
      "text" : "back",
      "whiteSpace" : false
    }, {
      "id" : "s2-t95",
      "begin" : 506,
      "end" : 509,
      "text" : "Rep",
      "whiteSpace" : false
    }, {
      "id" : "s2-t96",
      "begin" : 509,
      "end" : 510,
      "text" : ":",
      "whiteSpace" : false
    }, {
      "id" : "s2-t97",
      "begin" : 511,
      "end" : 520,
      "text" : "Apologies",
      "whiteSpace" : false
    }, {
      "id" : "s2-t98",
      "begin" : 521,
      "end" : 524,
      "text" : "sir",
      "whiteSpace" : false
    }, {
      "id" : "s2-t99",
      "begin" : 525,
      "end" : 526,
      "text" : "I",
      "whiteSpace" : false
    }, {
      "id" : "s2-t100",
      "begin" : 527,
      "end" : 531,
      "text" : "will",
      "whiteSpace" : false
    }, {
      "id" : "s2-t101",
      "begin" : 532,
      "end" : 537,
      "text" : "check",
      "whiteSpace" : false
    }, {
      "id" : "s2-t102",
      "begin" : 538,
      "end" : 541,
      "text" : "Can",
      "whiteSpace" : false
    }, {
      "id" : "s2-t103",
      "begin" : 542,
      "end" : 543,
      "text" : "I",
      "whiteSpace" : false
    }, {
      "id" : "s2-t104",
      "begin" : 544,
      "end" : 549,
      "text" : "place",
      "whiteSpace" : false
    }, {
      "id" : "s2-t105",
      "begin" : 550,
      "end" : 554,
      "text" : "your",
      "whiteSpace" : false
    }, {
      "id" : "s2-t106",
      "begin" : 555,
      "end" : 559,
      "text" : "call",
      "whiteSpace" : false
    }, {
      "id" : "s2-t107",
      "begin" : 560,
      "end" : 562,
      "text" : "on",
      "whiteSpace" : false
    }, {
      "id" : "s2-t108",
      "begin" : 563,
      "end" : 567,
      "text" : "hold",
      "whiteSpace" : false
    }, {
      "id" : "s2-t109",
      "begin" : 568,
      "end" : 571,
      "text" : "for",
      "whiteSpace" : false
    }, {
      "id" : "s2-t110",
      "begin" : 572,
      "end" : 573,
      "text" : "a",
      "whiteSpace" : false
    }, {
      "id" : "s2-t111",
      "begin" : 574,
      "end" : 580,
      "text" : "minute",
      "whiteSpace" : false
    }, {
      "id" : "s2-t112",
      "begin" : 581,
      "end" : 587,
      "text" : "please",
      "whiteSpace" : false
    }, {
      "id" : "s2-t113",
      "begin" : 587,
      "end" : 588,
      "text" : "?",
      "whiteSpace" : false
    } ]
  }, {
    "id" : "s3",
    "begin" : 589,
    "end" : 761,
    "text" : "Caller: yes\nRep: Thanks\nRep: Yes, there seems to be an issue I will initiate reversal of data charges\nCaller: Thanks Can I get a hard copy of the bill to my address please?",
    "tokens" : [ {
      "id" : "s3-t0",
      "begin" : 589,
      "end" : 595,
      "text" : "Caller",
      "whiteSpace" : false
    }, {
      "id" : "s3-t1",
      "begin" : 595,
      "end" : 596,
      "text" : ":",
      "whiteSpace" : false
    }, {
      "id" : "s3-t2",
      "begin" : 597,
      "end" : 600,
      "text" : "yes",
      "whiteSpace" : false
    }, {
      "id" : "s3-t3",
      "begin" : 601,
      "end" : 604,
      "text" : "Rep",
      "whiteSpace" : false
    }, {
      "id" : "s3-t4",
      "begin" : 604,
      "end" : 605,
      "text" : ":",
      "whiteSpace" : false
    }, {
      "id" : "s3-t5",
      "begin" : 606,
      "end" : 612,
      "text" : "Thanks",
      "whiteSpace" : false
    }, {
      "id" : "s3-t6",
      "begin" : 613,
      "end" : 616,
      "text" : "Rep",
      "whiteSpace" : false
    }, {
      "id" : "s3-t7",
      "begin" : 616,
      "end" : 617,
      "text" : ":",
      "whiteSpace" : false
    }, {
      "id" : "s3-t8",
      "begin" : 618,
      "end" : 621,
      "text" : "Yes",
      "whiteSpace" : false
    }, {
      "id" : "s3-t9",
      "begin" : 621,
      "end" : 622,
      "text" : ",",
      "whiteSpace" : false
    }, {
      "id" : "s3-t10",
      "begin" : 623,
      "end" : 628,
      "text" : "there",
      "whiteSpace" : false
    }, {
      "id" : "s3-t11",
      "begin" : 629,
      "end" : 634,
      "text" : "seems",
      "whiteSpace" : false
    }, {
      "id" : "s3-t12",
      "begin" : 635,
      "end" : 637,
      "text" : "to",
      "whiteSpace" : false
    }, {
      "id" : "s3-t13",
      "begin" : 638,
      "end" : 640,
      "text" : "be",
      "whiteSpace" : false
    }, {
      "id" : "s3-t14",
      "begin" : 641,
      "end" : 643,
      "text" : "an",
      "whiteSpace" : false
    }, {
      "id" : "s3-t15",
      "begin" : 644,
      "end" : 649,
      "text" : "issue",
      "whiteSpace" : false
    }, {
      "id" : "s3-t16",
      "begin" : 650,
      "end" : 651,
      "text" : "I",
      "whiteSpace" : false
    }, {
      "id" : "s3-t17",
      "begin" : 652,
      "end" : 656,
      "text" : "will",
      "whiteSpace" : false
    }, {
      "id" : "s3-t18",
      "begin" : 657,
      "end" : 665,
      "text" : "initiate",
      "whiteSpace" : false
    }, {
      "id" : "s3-t19",
      "begin" : 666,
      "end" : 674,
      "text" : "reversal",
      "whiteSpace" : false
    }, {
      "id" : "s3-t20",
      "begin" : 675,
      "end" : 677,
      "text" : "of",
      "whiteSpace" : false
    }, {
      "id" : "s3-t21",
      "begin" : 678,
      "end" : 682,
      "text" : "data",
      "whiteSpace" : false
    }, {
      "id" : "s3-t22",
      "begin" : 683,
      "end" : 690,
      "text" : "charges",
      "whiteSpace" : false
    }, {
      "id" : "s3-t23",
      "begin" : 691,
      "end" : 697,
      "text" : "Caller",
      "whiteSpace" : false
    }, {
      "id" : "s3-t24",
      "begin" : 697,
      "end" : 698,
      "text" : ":",
      "whiteSpace" : false
    }, {
      "id" : "s3-t25",
      "begin" : 699,
      "end" : 705,
      "text" : "Thanks",
      "whiteSpace" : false
    }, {
      "id" : "s3-t26",
      "begin" : 706,
      "end" : 709,
      "text" : "Can",
      "whiteSpace" : false
    }, {
      "id" : "s3-t27",
      "begin" : 710,
      "end" : 711,
      "text" : "I",
      "whiteSpace" : false
    }, {
      "id" : "s3-t28",
      "begin" : 712,
      "end" : 715,
      "text" : "get",
      "whiteSpace" : false
    }, {
      "id" : "s3-t29",
      "begin" : 716,
      "end" : 717,
      "text" : "a",
      "whiteSpace" : false
    }, {
      "id" : "s3-t30",
      "begin" : 718,
      "end" : 722,
      "text" : "hard",
      "whiteSpace" : false
    }, {
      "id" : "s3-t31",
      "begin" : 723,
      "end" : 727,
      "text" : "copy",
      "whiteSpace" : false
    }, {
      "id" : "s3-t32",
      "begin" : 728,
      "end" : 730,
      "text" : "of",
      "whiteSpace" : false
    }, {
      "id" : "s3-t33",
      "begin" : 731,
      "end" : 734,
      "text" : "the",
      "whiteSpace" : false
    }, {
      "id" : "s3-t34",
      "begin" : 735,
      "end" : 739,
      "text" : "bill",
      "whiteSpace" : false
    }, {
      "id" : "s3-t35",
      "begin" : 740,
      "end" : 742,
      "text" : "to",
      "whiteSpace" : false
    }, {
      "id" : "s3-t36",
      "begin" : 743,
      "end" : 745,
      "text" : "my",
      "whiteSpace" : false
    }, {
      "id" : "s3-t37",
      "begin" : 746,
      "end" : 753,
      "text" : "address",
      "whiteSpace" : false
    }, {
      "id" : "s3-t38",
      "begin" : 754,
      "end" : 760,
      "text" : "please",
      "whiteSpace" : false
    }, {
      "id" : "s3-t39",
      "begin" : 760,
      "end" : 761,
      "text" : "?",
      "whiteSpace" : false
    } ]
  }, {
    "id" : "s4",
    "begin" : 762,
    "end" : 1039,
    "text" : "Rep: Please confirm your address\nCaller: My address is house no 13, Block 2, nandini layout, Bengaluru - 560016\nRep: I have taken your request for paper bill which you will get it in a week\nCaller: ok\nRep: Is there anything else that I can help you with\nCaller: no\nRep: Thanks.",
    "tokens" : [ {
      "id" : "s4-t0",
      "begin" : 762,
      "end" : 765,
      "text" : "Rep",
      "whiteSpace" : false
    }, {
      "id" : "s4-t1",
      "begin" : 765,
      "end" : 766,
      "text" : ":",
      "whiteSpace" : false
    }, {
      "id" : "s4-t2",
      "begin" : 767,
      "end" : 773,
      "text" : "Please",
      "whiteSpace" : false
    }, {
      "id" : "s4-t3",
      "begin" : 774,
      "end" : 781,
      "text" : "confirm",
      "whiteSpace" : false
    }, {
      "id" : "s4-t4",
      "begin" : 782,
      "end" : 786,
      "text" : "your",
      "whiteSpace" : false
    }, {
      "id" : "s4-t5",
      "begin" : 787,
      "end" : 794,
      "text" : "address",
      "whiteSpace" : false
    }, {
      "id" : "s4-t6",
      "begin" : 795,
      "end" : 801,
      "text" : "Caller",
      "whiteSpace" : false
    }, {
      "id" : "s4-t7",
      "begin" : 801,
      "end" : 802,
      "text" : ":",
      "whiteSpace" : false
    }, {
      "id" : "s4-t8",
      "begin" : 803,
      "end" : 805,
      "text" : "My",
      "whiteSpace" : false
    }, {
      "id" : "s4-t9",
      "begin" : 806,
      "end" : 813,
      "text" : "address",
      "whiteSpace" : false
    }, {
      "id" : "s4-t10",
      "begin" : 814,
      "end" : 816,
      "text" : "is",
      "whiteSpace" : false
    }, {
      "id" : "s4-t11",
      "begin" : 817,
      "end" : 822,
      "text" : "house",
      "whiteSpace" : false
    }, {
      "id" : "s4-t12",
      "begin" : 823,
      "end" : 825,
      "text" : "no",
      "whiteSpace" : false
    }, {
      "id" : "s4-t13",
      "begin" : 826,
      "end" : 828,
      "text" : "13",
      "whiteSpace" : false
    }, {
      "id" : "s4-t14",
      "begin" : 828,
      "end" : 829,
      "text" : ",",
      "whiteSpace" : false
    }, {
      "id" : "s4-t15",
      "begin" : 830,
      "end" : 835,
      "text" : "Block",
      "whiteSpace" : false
    }, {
      "id" : "s4-t16",
      "begin" : 836,
      "end" : 837,
      "text" : "2",
      "whiteSpace" : false
    }, {
      "id" : "s4-t17",
      "begin" : 837,
      "end" : 838,
      "text" : ",",
      "whiteSpace" : false
    }, {
      "id" : "s4-t18",
      "begin" : 839,
      "end" : 846,
      "text" : "nandini",
      "whiteSpace" : false
    }, {
      "id" : "s4-t19",
      "begin" : 847,
      "end" : 853,
      "text" : "layout",
      "whiteSpace" : false
    }, {
      "id" : "s4-t20",
      "begin" : 853,
      "end" : 854,
      "text" : ",",
      "whiteSpace" : false
    }, {
      "id" : "s4-t21",
      "begin" : 855,
      "end" : 864,
      "text" : "Bengaluru",
      "whiteSpace" : false
    }, {
      "id" : "s4-t22",
      "begin" : 865,
      "end" : 866,
      "text" : "-",
      "whiteSpace" : false
    }, {
      "id" : "s4-t23",
      "begin" : 867,
      "end" : 873,
      "text" : "560016",
      "whiteSpace" : false
    }, {
      "id" : "s4-t24",
      "begin" : 874,
      "end" : 877,
      "text" : "Rep",
      "whiteSpace" : false
    }, {
      "id" : "s4-t25",
      "begin" : 877,
      "end" : 878,
      "text" : ":",
      "whiteSpace" : false
    }, {
      "id" : "s4-t26",
      "begin" : 879,
      "end" : 880,
      "text" : "I",
      "whiteSpace" : false
    }, {
      "id" : "s4-t27",
      "begin" : 881,
      "end" : 885,
      "text" : "have",
      "whiteSpace" : false
    }, {
      "id" : "s4-t28",
      "begin" : 886,
      "end" : 891,
      "text" : "taken",
      "whiteSpace" : false
    }, {
      "id" : "s4-t29",
      "begin" : 892,
      "end" : 896,
      "text" : "your",
      "whiteSpace" : false
    }, {
      "id" : "s4-t30",
      "begin" : 897,
      "end" : 904,
      "text" : "request",
      "whiteSpace" : false
    }, {
      "id" : "s4-t31",
      "begin" : 905,
      "end" : 908,
      "text" : "for",
      "whiteSpace" : false
    }, {
      "id" : "s4-t32",
      "begin" : 909,
      "end" : 914,
      "text" : "paper",
      "whiteSpace" : false
    }, {
      "id" : "s4-t33",
      "begin" : 915,
      "end" : 919,
      "text" : "bill",
      "whiteSpace" : false
    }, {
      "id" : "s4-t34",
      "begin" : 920,
      "end" : 925,
      "text" : "which",
      "whiteSpace" : false
    }, {
      "id" : "s4-t35",
      "begin" : 926,
      "end" : 929,
      "text" : "you",
      "whiteSpace" : false
    }, {
      "id" : "s4-t36",
      "begin" : 930,
      "end" : 934,
      "text" : "will",
      "whiteSpace" : false
    }, {
      "id" : "s4-t37",
      "begin" : 935,
      "end" : 938,
      "text" : "get",
      "whiteSpace" : false
    }, {
      "id" : "s4-t38",
      "begin" : 939,
      "end" : 941,
      "text" : "it",
      "whiteSpace" : false
    }, {
      "id" : "s4-t39",
      "begin" : 942,
      "end" : 944,
      "text" : "in",
      "whiteSpace" : false
    }, {
      "id" : "s4-t40",
      "begin" : 945,
      "end" : 946,
      "text" : "a",
      "whiteSpace" : false
    }, {
      "id" : "s4-t41",
      "begin" : 947,
      "end" : 951,
      "text" : "week",
      "whiteSpace" : false
    }, {
      "id" : "s4-t42",
      "begin" : 952,
      "end" : 958,
      "text" : "Caller",
      "whiteSpace" : false
    }, {
      "id" : "s4-t43",
      "begin" : 958,
      "end" : 959,
      "text" : ":",
      "whiteSpace" : false
    }, {
      "id" : "s4-t44",
      "begin" : 960,
      "end" : 962,
      "text" : "ok",
      "whiteSpace" : false
    }, {
      "id" : "s4-t45",
      "begin" : 963,
      "end" : 966,
      "text" : "Rep",
      "whiteSpace" : false
    }, {
      "id" : "s4-t46",
      "begin" : 966,
      "end" : 967,
      "text" : ":",
      "whiteSpace" : false
    }, {
      "id" : "s4-t47",
      "begin" : 968,
      "end" : 970,
      "text" : "Is",
      "whiteSpace" : false
    }, {
      "id" : "s4-t48",
      "begin" : 971,
      "end" : 976,
      "text" : "there",
      "whiteSpace" : false
    }, {
      "id" : "s4-t49",
      "begin" : 977,
      "end" : 985,
      "text" : "anything",
      "whiteSpace" : false
    }, {
      "id" : "s4-t50",
      "begin" : 986,
      "end" : 990,
      "text" : "else",
      "whiteSpace" : false
    }, {
      "id" : "s4-t51",
      "begin" : 991,
      "end" : 995,
      "text" : "that",
      "whiteSpace" : false
    }, {
      "id" : "s4-t52",
      "begin" : 996,
      "end" : 997,
      "text" : "I",
      "whiteSpace" : false
    }, {
      "id" : "s4-t53",
      "begin" : 998,
      "end" : 1001,
      "text" : "can",
      "whiteSpace" : false
    }, {
      "id" : "s4-t54",
      "begin" : 1002,
      "end" : 1006,
      "text" : "help",
      "whiteSpace" : false
    }, {
      "id" : "s4-t55",
      "begin" : 1007,
      "end" : 1010,
      "text" : "you",
      "whiteSpace" : false
    }, {
      "id" : "s4-t56",
      "begin" : 1011,
      "end" : 1015,
      "text" : "with",
      "whiteSpace" : false
    }, {
      "id" : "s4-t57",
      "begin" : 1016,
      "end" : 1022,
      "text" : "Caller",
      "whiteSpace" : false
    }, {
      "id" : "s4-t58",
      "begin" : 1022,
      "end" : 1023,
      "text" : ":",
      "whiteSpace" : false
    }, {
      "id" : "s4-t59",
      "begin" : 1024,
      "end" : 1026,
      "text" : "no",
      "whiteSpace" : false
    }, {
      "id" : "s4-t60",
      "begin" : 1027,
      "end" : 1030,
      "text" : "Rep",
      "whiteSpace" : false
    }, {
      "id" : "s4-t61",
      "begin" : 1030,
      "end" : 1031,
      "text" : ":",
      "whiteSpace" : false
    }, {
      "id" : "s4-t62",
      "begin" : 1032,
      "end" : 1038,
      "text" : "Thanks",
      "whiteSpace" : false
    }, {
      "id" : "s4-t63",
      "begin" : 1038,
      "end" : 1039,
      "text" : ".",
      "whiteSpace" : false
    } ]
  }, {
    "id" : "s5",
    "begin" : 1040,
    "end" : 1061,
    "text" : "Have a good day.. Bye",
    "tokens" : [ {
      "id" : "s5-t0",
      "begin" : 1040,
      "end" : 1044,
      "text" : "Have",
      "whiteSpace" : false
    }, {
      "id" : "s5-t1",
      "begin" : 1045,
      "end" : 1046,
      "text" : "a",
      "whiteSpace" : false
    }, {
      "id" : "s5-t2",
      "begin" : 1047,
      "end" : 1051,
      "text" : "good",
      "whiteSpace" : false
    }, {
      "id" : "s5-t3",
      "begin" : 1052,
      "end" : 1055,
      "text" : "day",
      "whiteSpace" : false
    }, {
      "id" : "s5-t4",
      "begin" : 1055,
      "end" : 1057,
      "text" : "..",
      "whiteSpace" : false
    }, {
      "id" : "s5-t5",
      "begin" : 1058,
      "end" : 1061,
      "text" : "Bye",
      "whiteSpace" : false
    } ]
  } ],
  "mentions" : [ ],
  "relations" : [ ],
  "corefs" : [ ],
  "typeResolved" : true,
  "userResolved" : false
}