{
  "id" : "b39fdf60-bd4d-11e7-af2d-855b67e2d9c7-2",
  "name" : "Chat003.txt",
  "version" : 3,
  "text" : "Rep: This is Priya. How can I help you?\nCaller: Hi, My name is Peter. I would like to request a change of address for my account.\nRep: Sure, I can help you.  For verification purpose may I know your date of birth and email id\nCaller: My date of birth is tenth of August  nineteen seventy nine and my email id is peter@gmail.com.\nRep: Thank you for providing the information. We require the address proof to change the information. Please visit the nearest Vodafone customer care center with a proof of the new address. It will be immediately taken care.\nCaller: Thank you. I will do that.\nRep: Is there anything else that I can help you with\nCaller: No\nRep: Thanks for calling Vodaphone. Have a good day.\nCaller: you too\n",
  "docLength" : 0,
  "language" : "EN",
  "status" : "READY",
  "modifiedDate" : 1509352708182,
  "documentSet" : [ ],
  "preannotation" : [ ],
  "sentences" : [ {
    "id" : "s0",
    "begin" : 0,
    "end" : 19,
    "text" : "Rep: This is Priya.",
    "tokens" : [ {
      "id" : "s0-t0",
      "begin" : 0,
      "end" : 3,
      "text" : "Rep",
      "whiteSpace" : false
    }, {
      "id" : "s0-t1",
      "begin" : 3,
      "end" : 4,
      "text" : ":",
      "whiteSpace" : false
    }, {
      "id" : "s0-t2",
      "begin" : 5,
      "end" : 9,
      "text" : "This",
      "whiteSpace" : false
    }, {
      "id" : "s0-t3",
      "begin" : 10,
      "end" : 12,
      "text" : "is",
      "whiteSpace" : false
    }, {
      "id" : "s0-t4",
      "begin" : 13,
      "end" : 18,
      "text" : "Priya",
      "whiteSpace" : false
    }, {
      "id" : "s0-t5",
      "begin" : 18,
      "end" : 19,
      "text" : ".",
      "whiteSpace" : false
    } ]
  }, {
    "id" : "s1",
    "begin" : 20,
    "end" : 39,
    "text" : "How can I help you?",
    "tokens" : [ {
      "id" : "s1-t0",
      "begin" : 20,
      "end" : 23,
      "text" : "How",
      "whiteSpace" : false
    }, {
      "id" : "s1-t1",
      "begin" : 24,
      "end" : 27,
      "text" : "can",
      "whiteSpace" : false
    }, {
      "id" : "s1-t2",
      "begin" : 28,
      "end" : 29,
      "text" : "I",
      "whiteSpace" : false
    }, {
      "id" : "s1-t3",
      "begin" : 30,
      "end" : 34,
      "text" : "help",
      "whiteSpace" : false
    }, {
      "id" : "s1-t4",
      "begin" : 35,
      "end" : 38,
      "text" : "you",
      "whiteSpace" : false
    }, {
      "id" : "s1-t5",
      "begin" : 38,
      "end" : 39,
      "text" : "?",
      "whiteSpace" : false
    } ]
  }, {
    "id" : "s2",
    "begin" : 40,
    "end" : 69,
    "text" : "Caller: Hi, My name is Peter.",
    "tokens" : [ {
      "id" : "s2-t0",
      "begin" : 40,
      "end" : 46,
      "text" : "Caller",
      "whiteSpace" : false
    }, {
      "id" : "s2-t1",
      "begin" : 46,
      "end" : 47,
      "text" : ":",
      "whiteSpace" : false
    }, {
      "id" : "s2-t2",
      "begin" : 48,
      "end" : 50,
      "text" : "Hi",
      "whiteSpace" : false
    }, {
      "id" : "s2-t3",
      "begin" : 50,
      "end" : 51,
      "text" : ",",
      "whiteSpace" : false
    }, {
      "id" : "s2-t4",
      "begin" : 52,
      "end" : 54,
      "text" : "My",
      "whiteSpace" : false
    }, {
      "id" : "s2-t5",
      "begin" : 55,
      "end" : 59,
      "text" : "name",
      "whiteSpace" : false
    }, {
      "id" : "s2-t6",
      "begin" : 60,
      "end" : 62,
      "text" : "is",
      "whiteSpace" : false
    }, {
      "id" : "s2-t7",
      "begin" : 63,
      "end" : 68,
      "text" : "Peter",
      "whiteSpace" : false
    }, {
      "id" : "s2-t8",
      "begin" : 68,
      "end" : 69,
      "text" : ".",
      "whiteSpace" : false
    } ]
  }, {
    "id" : "s3",
    "begin" : 70,
    "end" : 129,
    "text" : "I would like to request a change of address for my account.",
    "tokens" : [ {
      "id" : "s3-t0",
      "begin" : 70,
      "end" : 71,
      "text" : "I",
      "whiteSpace" : false
    }, {
      "id" : "s3-t1",
      "begin" : 72,
      "end" : 77,
      "text" : "would",
      "whiteSpace" : false
    }, {
      "id" : "s3-t2",
      "begin" : 78,
      "end" : 82,
      "text" : "like",
      "whiteSpace" : false
    }, {
      "id" : "s3-t3",
      "begin" : 83,
      "end" : 85,
      "text" : "to",
      "whiteSpace" : false
    }, {
      "id" : "s3-t4",
      "begin" : 86,
      "end" : 93,
      "text" : "request",
      "whiteSpace" : false
    }, {
      "id" : "s3-t5",
      "begin" : 94,
      "end" : 95,
      "text" : "a",
      "whiteSpace" : false
    }, {
      "id" : "s3-t6",
      "begin" : 96,
      "end" : 102,
      "text" : "change",
      "whiteSpace" : false
    }, {
      "id" : "s3-t7",
      "begin" : 103,
      "end" : 105,
      "text" : "of",
      "whiteSpace" : false
    }, {
      "id" : "s3-t8",
      "begin" : 106,
      "end" : 113,
      "text" : "address",
      "whiteSpace" : false
    }, {
      "id" : "s3-t9",
      "begin" : 114,
      "end" : 117,
      "text" : "for",
      "whiteSpace" : false
    }, {
      "id" : "s3-t10",
      "begin" : 118,
      "end" : 120,
      "text" : "my",
      "whiteSpace" : false
    }, {
      "id" : "s3-t11",
      "begin" : 121,
      "end" : 128,
      "text" : "account",
      "whiteSpace" : false
    }, {
      "id" : "s3-t12",
      "begin" : 128,
      "end" : 129,
      "text" : ".",
      "whiteSpace" : false
    } ]
  }, {
    "id" : "s4",
    "begin" : 130,
    "end" : 156,
    "text" : "Rep: Sure, I can help you.",
    "tokens" : [ {
      "id" : "s4-t0",
      "begin" : 130,
      "end" : 133,
      "text" : "Rep",
      "whiteSpace" : false
    }, {
      "id" : "s4-t1",
      "begin" : 133,
      "end" : 134,
      "text" : ":",
      "whiteSpace" : false
    }, {
      "id" : "s4-t2",
      "begin" : 135,
      "end" : 139,
      "text" : "Sure",
      "whiteSpace" : false
    }, {
      "id" : "s4-t3",
      "begin" : 139,
      "end" : 140,
      "text" : ",",
      "whiteSpace" : false
    }, {
      "id" : "s4-t4",
      "begin" : 141,
      "end" : 142,
      "text" : "I",
      "whiteSpace" : false
    }, {
      "id" : "s4-t5",
      "begin" : 143,
      "end" : 146,
      "text" : "can",
      "whiteSpace" : false
    }, {
      "id" : "s4-t6",
      "begin" : 147,
      "end" : 151,
      "text" : "help",
      "whiteSpace" : false
    }, {
      "id" : "s4-t7",
      "begin" : 152,
      "end" : 155,
      "text" : "you",
      "whiteSpace" : false
    }, {
      "id" : "s4-t8",
      "begin" : 155,
      "end" : 156,
      "text" : ".",
      "whiteSpace" : false
    } ]
  }, {
    "id" : "s5",
    "begin" : 158,
    "end" : 328,
    "text" : "For verification purpose may I know your date of birth and email id\nCaller: My date of birth is tenth of August  nineteen seventy nine and my email id is peter@gmail.com.",
    "tokens" : [ {
      "id" : "s5-t0",
      "begin" : 158,
      "end" : 161,
      "text" : "For",
      "whiteSpace" : false
    }, {
      "id" : "s5-t1",
      "begin" : 162,
      "end" : 174,
      "text" : "verification",
      "whiteSpace" : false
    }, {
      "id" : "s5-t2",
      "begin" : 175,
      "end" : 182,
      "text" : "purpose",
      "whiteSpace" : false
    }, {
      "id" : "s5-t3",
      "begin" : 183,
      "end" : 186,
      "text" : "may",
      "whiteSpace" : false
    }, {
      "id" : "s5-t4",
      "begin" : 187,
      "end" : 188,
      "text" : "I",
      "whiteSpace" : false
    }, {
      "id" : "s5-t5",
      "begin" : 189,
      "end" : 193,
      "text" : "know",
      "whiteSpace" : false
    }, {
      "id" : "s5-t6",
      "begin" : 194,
      "end" : 198,
      "text" : "your",
      "whiteSpace" : false
    }, {
      "id" : "s5-t7",
      "begin" : 199,
      "end" : 203,
      "text" : "date",
      "whiteSpace" : false
    }, {
      "id" : "s5-t8",
      "begin" : 204,
      "end" : 206,
      "text" : "of",
      "whiteSpace" : false
    }, {
      "id" : "s5-t9",
      "begin" : 207,
      "end" : 212,
      "text" : "birth",
      "whiteSpace" : false
    }, {
      "id" : "s5-t10",
      "begin" : 213,
      "end" : 216,
      "text" : "and",
      "whiteSpace" : false
    }, {
      "id" : "s5-t11",
      "begin" : 217,
      "end" : 222,
      "text" : "email",
      "whiteSpace" : false
    }, {
      "id" : "s5-t12",
      "begin" : 223,
      "end" : 225,
      "text" : "id",
      "whiteSpace" : false
    }, {
      "id" : "s5-t13",
      "begin" : 226,
      "end" : 232,
      "text" : "Caller",
      "whiteSpace" : false
    }, {
      "id" : "s5-t14",
      "begin" : 232,
      "end" : 233,
      "text" : ":",
      "whiteSpace" : false
    }, {
      "id" : "s5-t15",
      "begin" : 234,
      "end" : 236,
      "text" : "My",
      "whiteSpace" : false
    }, {
      "id" : "s5-t16",
      "begin" : 237,
      "end" : 241,
      "text" : "date",
      "whiteSpace" : false
    }, {
      "id" : "s5-t17",
      "begin" : 242,
      "end" : 244,
      "text" : "of",
      "whiteSpace" : false
    }, {
      "id" : "s5-t18",
      "begin" : 245,
      "end" : 250,
      "text" : "birth",
      "whiteSpace" : false
    }, {
      "id" : "s5-t19",
      "begin" : 251,
      "end" : 253,
      "text" : "is",
      "whiteSpace" : false
    }, {
      "id" : "s5-t20",
      "begin" : 254,
      "end" : 259,
      "text" : "tenth",
      "whiteSpace" : false
    }, {
      "id" : "s5-t21",
      "begin" : 260,
      "end" : 262,
      "text" : "of",
      "whiteSpace" : false
    }, {
      "id" : "s5-t22",
      "begin" : 263,
      "end" : 269,
      "text" : "August",
      "whiteSpace" : false
    }, {
      "id" : "s5-t23",
      "begin" : 271,
      "end" : 279,
      "text" : "nineteen",
      "whiteSpace" : false
    }, {
      "id" : "s5-t24",
      "begin" : 280,
      "end" : 287,
      "text" : "seventy",
      "whiteSpace" : false
    }, {
      "id" : "s5-t25",
      "begin" : 288,
      "end" : 292,
      "text" : "nine",
      "whiteSpace" : false
    }, {
      "id" : "s5-t26",
      "begin" : 293,
      "end" : 296,
      "text" : "and",
      "whiteSpace" : false
    }, {
      "id" : "s5-t27",
      "begin" : 297,
      "end" : 299,
      "text" : "my",
      "whiteSpace" : false
    }, {
      "id" : "s5-t28",
      "begin" : 300,
      "end" : 305,
      "text" : "email",
      "whiteSpace" : false
    }, {
      "id" : "s5-t29",
      "begin" : 306,
      "end" : 308,
      "text" : "id",
      "whiteSpace" : false
    }, {
      "id" : "s5-t30",
      "begin" : 309,
      "end" : 311,
      "text" : "is",
      "whiteSpace" : false
    }, {
      "id" : "s5-t31",
      "begin" : 312,
      "end" : 327,
      "text" : "peter@gmail.com",
      "whiteSpace" : false
    }, {
      "id" : "s5-t32",
      "begin" : 327,
      "end" : 328,
      "text" : ".",
      "whiteSpace" : false
    } ]
  }, {
    "id" : "s6",
    "begin" : 329,
    "end" : 374,
    "text" : "Rep: Thank you for providing the information.",
    "tokens" : [ {
      "id" : "s6-t0",
      "begin" : 329,
      "end" : 332,
      "text" : "Rep",
      "whiteSpace" : false
    }, {
      "id" : "s6-t1",
      "begin" : 332,
      "end" : 333,
      "text" : ":",
      "whiteSpace" : false
    }, {
      "id" : "s6-t2",
      "begin" : 334,
      "end" : 339,
      "text" : "Thank",
      "whiteSpace" : false
    }, {
      "id" : "s6-t3",
      "begin" : 340,
      "end" : 343,
      "text" : "you",
      "whiteSpace" : false
    }, {
      "id" : "s6-t4",
      "begin" : 344,
      "end" : 347,
      "text" : "for",
      "whiteSpace" : false
    }, {
      "id" : "s6-t5",
      "begin" : 348,
      "end" : 357,
      "text" : "providing",
      "whiteSpace" : false
    }, {
      "id" : "s6-t6",
      "begin" : 358,
      "end" : 361,
      "text" : "the",
      "whiteSpace" : false
    }, {
      "id" : "s6-t7",
      "begin" : 362,
      "end" : 373,
      "text" : "information",
      "whiteSpace" : false
    }, {
      "id" : "s6-t8",
      "begin" : 373,
      "end" : 374,
      "text" : ".",
      "whiteSpace" : false
    } ]
  }, {
    "id" : "s7",
    "begin" : 375,
    "end" : 430,
    "text" : "We require the address proof to change the information.",
    "tokens" : [ {
      "id" : "s7-t0",
      "begin" : 375,
      "end" : 377,
      "text" : "We",
      "whiteSpace" : false
    }, {
      "id" : "s7-t1",
      "begin" : 378,
      "end" : 385,
      "text" : "require",
      "whiteSpace" : false
    }, {
      "id" : "s7-t2",
      "begin" : 386,
      "end" : 389,
      "text" : "the",
      "whiteSpace" : false
    }, {
      "id" : "s7-t3",
      "begin" : 390,
      "end" : 397,
      "text" : "address",
      "whiteSpace" : false
    }, {
      "id" : "s7-t4",
      "begin" : 398,
      "end" : 403,
      "text" : "proof",
      "whiteSpace" : false
    }, {
      "id" : "s7-t5",
      "begin" : 404,
      "end" : 406,
      "text" : "to",
      "whiteSpace" : false
    }, {
      "id" : "s7-t6",
      "begin" : 407,
      "end" : 413,
      "text" : "change",
      "whiteSpace" : false
    }, {
      "id" : "s7-t7",
      "begin" : 414,
      "end" : 417,
      "text" : "the",
      "whiteSpace" : false
    }, {
      "id" : "s7-t8",
      "begin" : 418,
      "end" : 429,
      "text" : "information",
      "whiteSpace" : false
    }, {
      "id" : "s7-t9",
      "begin" : 429,
      "end" : 430,
      "text" : ".",
      "whiteSpace" : false
    } ]
  }, {
    "id" : "s8",
    "begin" : 431,
    "end" : 518,
    "text" : "Please visit the nearest Vodafone customer care center with a proof of the new address.",
    "tokens" : [ {
      "id" : "s8-t0",
      "begin" : 431,
      "end" : 437,
      "text" : "Please",
      "whiteSpace" : false
    }, {
      "id" : "s8-t1",
      "begin" : 438,
      "end" : 443,
      "text" : "visit",
      "whiteSpace" : false
    }, {
      "id" : "s8-t2",
      "begin" : 444,
      "end" : 447,
      "text" : "the",
      "whiteSpace" : false
    }, {
      "id" : "s8-t3",
      "begin" : 448,
      "end" : 455,
      "text" : "nearest",
      "whiteSpace" : false
    }, {
      "id" : "s8-t4",
      "begin" : 456,
      "end" : 464,
      "text" : "Vodafone",
      "whiteSpace" : false
    }, {
      "id" : "s8-t5",
      "begin" : 465,
      "end" : 473,
      "text" : "customer",
      "whiteSpace" : false
    }, {
      "id" : "s8-t6",
      "begin" : 474,
      "end" : 478,
      "text" : "care",
      "whiteSpace" : false
    }, {
      "id" : "s8-t7",
      "begin" : 479,
      "end" : 485,
      "text" : "center",
      "whiteSpace" : false
    }, {
      "id" : "s8-t8",
      "begin" : 486,
      "end" : 490,
      "text" : "with",
      "whiteSpace" : false
    }, {
      "id" : "s8-t9",
      "begin" : 491,
      "end" : 492,
      "text" : "a",
      "whiteSpace" : false
    }, {
      "id" : "s8-t10",
      "begin" : 493,
      "end" : 498,
      "text" : "proof",
      "whiteSpace" : false
    }, {
      "id" : "s8-t11",
      "begin" : 499,
      "end" : 501,
      "text" : "of",
      "whiteSpace" : false
    }, {
      "id" : "s8-t12",
      "begin" : 502,
      "end" : 505,
      "text" : "the",
      "whiteSpace" : false
    }, {
      "id" : "s8-t13",
      "begin" : 506,
      "end" : 509,
      "text" : "new",
      "whiteSpace" : false
    }, {
      "id" : "s8-t14",
      "begin" : 510,
      "end" : 517,
      "text" : "address",
      "whiteSpace" : false
    }, {
      "id" : "s8-t15",
      "begin" : 517,
      "end" : 518,
      "text" : ".",
      "whiteSpace" : false
    } ]
  }, {
    "id" : "s9",
    "begin" : 519,
    "end" : 553,
    "text" : "It will be immediately taken care.",
    "tokens" : [ {
      "id" : "s9-t0",
      "begin" : 519,
      "end" : 521,
      "text" : "It",
      "whiteSpace" : false
    }, {
      "id" : "s9-t1",
      "begin" : 522,
      "end" : 526,
      "text" : "will",
      "whiteSpace" : false
    }, {
      "id" : "s9-t2",
      "begin" : 527,
      "end" : 529,
      "text" : "be",
      "whiteSpace" : false
    }, {
      "id" : "s9-t3",
      "begin" : 530,
      "end" : 541,
      "text" : "immediately",
      "whiteSpace" : false
    }, {
      "id" : "s9-t4",
      "begin" : 542,
      "end" : 547,
      "text" : "taken",
      "whiteSpace" : false
    }, {
      "id" : "s9-t5",
      "begin" : 548,
      "end" : 552,
      "text" : "care",
      "whiteSpace" : false
    }, {
      "id" : "s9-t6",
      "begin" : 552,
      "end" : 553,
      "text" : ".",
      "whiteSpace" : false
    } ]
  }, {
    "id" : "s10",
    "begin" : 554,
    "end" : 572,
    "text" : "Caller: Thank you.",
    "tokens" : [ {
      "id" : "s10-t0",
      "begin" : 554,
      "end" : 560,
      "text" : "Caller",
      "whiteSpace" : false
    }, {
      "id" : "s10-t1",
      "begin" : 560,
      "end" : 561,
      "text" : ":",
      "whiteSpace" : false
    }, {
      "id" : "s10-t2",
      "begin" : 562,
      "end" : 567,
      "text" : "Thank",
      "whiteSpace" : false
    }, {
      "id" : "s10-t3",
      "begin" : 568,
      "end" : 571,
      "text" : "you",
      "whiteSpace" : false
    }, {
      "id" : "s10-t4",
      "begin" : 571,
      "end" : 572,
      "text" : ".",
      "whiteSpace" : false
    } ]
  }, {
    "id" : "s11",
    "begin" : 573,
    "end" : 588,
    "text" : "I will do that.",
    "tokens" : [ {
      "id" : "s11-t0",
      "begin" : 573,
      "end" : 574,
      "text" : "I",
      "whiteSpace" : false
    }, {
      "id" : "s11-t1",
      "begin" : 575,
      "end" : 579,
      "text" : "will",
      "whiteSpace" : false
    }, {
      "id" : "s11-t2",
      "begin" : 580,
      "end" : 582,
      "text" : "do",
      "whiteSpace" : false
    }, {
      "id" : "s11-t3",
      "begin" : 583,
      "end" : 587,
      "text" : "that",
      "whiteSpace" : false
    }, {
      "id" : "s11-t4",
      "begin" : 587,
      "end" : 588,
      "text" : ".",
      "whiteSpace" : false
    } ]
  }, {
    "id" : "s12",
    "begin" : 589,
    "end" : 687,
    "text" : "Rep: Is there anything else that I can help you with\nCaller: No\nRep: Thanks for calling Vodaphone.",
    "tokens" : [ {
      "id" : "s12-t0",
      "begin" : 589,
      "end" : 592,
      "text" : "Rep",
      "whiteSpace" : false
    }, {
      "id" : "s12-t1",
      "begin" : 592,
      "end" : 593,
      "text" : ":",
      "whiteSpace" : false
    }, {
      "id" : "s12-t2",
      "begin" : 594,
      "end" : 596,
      "text" : "Is",
      "whiteSpace" : false
    }, {
      "id" : "s12-t3",
      "begin" : 597,
      "end" : 602,
      "text" : "there",
      "whiteSpace" : false
    }, {
      "id" : "s12-t4",
      "begin" : 603,
      "end" : 611,
      "text" : "anything",
      "whiteSpace" : false
    }, {
      "id" : "s12-t5",
      "begin" : 612,
      "end" : 616,
      "text" : "else",
      "whiteSpace" : false
    }, {
      "id" : "s12-t6",
      "begin" : 617,
      "end" : 621,
      "text" : "that",
      "whiteSpace" : false
    }, {
      "id" : "s12-t7",
      "begin" : 622,
      "end" : 623,
      "text" : "I",
      "whiteSpace" : false
    }, {
      "id" : "s12-t8",
      "begin" : 624,
      "end" : 627,
      "text" : "can",
      "whiteSpace" : false
    }, {
      "id" : "s12-t9",
      "begin" : 628,
      "end" : 632,
      "text" : "help",
      "whiteSpace" : false
    }, {
      "id" : "s12-t10",
      "begin" : 633,
      "end" : 636,
      "text" : "you",
      "whiteSpace" : false
    }, {
      "id" : "s12-t11",
      "begin" : 637,
      "end" : 641,
      "text" : "with",
      "whiteSpace" : false
    }, {
      "id" : "s12-t12",
      "begin" : 642,
      "end" : 648,
      "text" : "Caller",
      "whiteSpace" : false
    }, {
      "id" : "s12-t13",
      "begin" : 648,
      "end" : 649,
      "text" : ":",
      "whiteSpace" : false
    }, {
      "id" : "s12-t14",
      "begin" : 650,
      "end" : 652,
      "text" : "No",
      "whiteSpace" : false
    }, {
      "id" : "s12-t15",
      "begin" : 653,
      "end" : 656,
      "text" : "Rep",
      "whiteSpace" : false
    }, {
      "id" : "s12-t16",
      "begin" : 656,
      "end" : 657,
      "text" : ":",
      "whiteSpace" : false
    }, {
      "id" : "s12-t17",
      "begin" : 658,
      "end" : 664,
      "text" : "Thanks",
      "whiteSpace" : false
    }, {
      "id" : "s12-t18",
      "begin" : 665,
      "end" : 668,
      "text" : "for",
      "whiteSpace" : false
    }, {
      "id" : "s12-t19",
      "begin" : 669,
      "end" : 676,
      "text" : "calling",
      "whiteSpace" : false
    }, {
      "id" : "s12-t20",
      "begin" : 677,
      "end" : 686,
      "text" : "Vodaphone",
      "whiteSpace" : false
    }, {
      "id" : "s12-t21",
      "begin" : 686,
      "end" : 687,
      "text" : ".",
      "whiteSpace" : false
    } ]
  }, {
    "id" : "s13",
    "begin" : 688,
    "end" : 704,
    "text" : "Have a good day.",
    "tokens" : [ {
      "id" : "s13-t0",
      "begin" : 688,
      "end" : 692,
      "text" : "Have",
      "whiteSpace" : false
    }, {
      "id" : "s13-t1",
      "begin" : 693,
      "end" : 694,
      "text" : "a",
      "whiteSpace" : false
    }, {
      "id" : "s13-t2",
      "begin" : 695,
      "end" : 699,
      "text" : "good",
      "whiteSpace" : false
    }, {
      "id" : "s13-t3",
      "begin" : 700,
      "end" : 703,
      "text" : "day",
      "whiteSpace" : false
    }, {
      "id" : "s13-t4",
      "begin" : 703,
      "end" : 704,
      "text" : ".",
      "whiteSpace" : false
    } ]
  }, {
    "id" : "s14",
    "begin" : 705,
    "end" : 720,
    "text" : "Caller: you too",
    "tokens" : [ {
      "id" : "s14-t0",
      "begin" : 705,
      "end" : 711,
      "text" : "Caller",
      "whiteSpace" : false
    }, {
      "id" : "s14-t1",
      "begin" : 711,
      "end" : 712,
      "text" : ":",
      "whiteSpace" : false
    }, {
      "id" : "s14-t2",
      "begin" : 713,
      "end" : 716,
      "text" : "you",
      "whiteSpace" : false
    }, {
      "id" : "s14-t3",
      "begin" : 717,
      "end" : 720,
      "text" : "too",
      "whiteSpace" : false
    } ]
  } ],
  "mentions" : [ ],
  "relations" : [ ],
  "corefs" : [ ],
  "typeResolved" : true,
  "userResolved" : false
}