[ {
  "id" : "906400d0-a1cd-11e7-95d4-13de3d82fddb-0",
  "name" : "Balaji3.txt",
  "text" : "Rep: This is Priya. How can I help you?\nCaller: This is John. There is an issue in the billing for this month.\nRep: Sure, I can help you.  For verification purpose may I know your date of birth and email id\nCaller: It is nineteen seventy nine August tenth and my email id is john@gmail.com\nRep: Thanks for the information. Could you explain the problem.\nCaller: There is a charge for caller tune service that I did not request.\nRep: This is added by default. I can take a request to remove the addition.\nCaller: Sure, could you remove it and correct my billing.\nRep:The changes will be reflected in next months bill. Is there anything else that I can help you with\nCaller: No\nRep: Thanks for calling Vodaphone. Have a good day.\nCaller: you too\n",
  "status" : "SUBMITTED",
  "modifiedDate" : 1506329530659
}, {
  "id" : "906400d0-a1cd-11e7-95d4-13de3d82fddb-1",
  "name" : "Balaji2.txt",
  "text" : "Rep: This is Priya. How can I help you?\nCaller: This is Anand. I wanted to report an network issue at my home.\nRep: Sure, I can help you.  For verification purpose may I know your date of birth and email id\nCaller: It is August tenth nineteen seventy nine and my email id is anand@gmail.com\nRep: Thanks for the information. Could you explain the problem.\nCaller: The mobile network signal is unstable resulting in call drops and bad audio.\nRep: Can you confirm your home address.\nCaller: Four thirty, Thirty sixth cross, Jayangar fourth block, Bangalore.\nRep:Thank you for confirming sir. We will send a technician to check the signal strength and availability at your location. Is there anything else that I can help you with\nCaller: No\nRep: Thanks for calling Vodaphone. Have a good day.\nCaller: you too\n",
  "status" : "SUBMITTED",
  "modifiedDate" : 1506329600488
}, {
  "id" : "906400d0-a1cd-11e7-95d4-13de3d82fddb-10",
  "name" : "Murali1.txt",
  "text" : "Rep: This is Priya. How can I help you?\nCaller: This is Anand. I want to change my plan to corporate plan\nRep: Sure, I can help you. Do you want to change the plan for the number from which you are calling now?\nCaller: yes\nRep: For verification purpose may I know your date of birth and email id\nCaller: My data of birth is 10th August 1979 and my email id is anand@gmail.com\nRep: Which plan do you want to migrate to\nCaller: Plan 450 unlimited\nRep: Can I have your company name and employee id\nCaller: I work for IBM and my employee id is 12345\nRep: Ok.. I have taken your request to migrate plan to 450 unlimited. You will get an update in 3 hours. Is there anything else that I can help you with\nCaller: No\nRep: Thanks for calling Vodaphone. Have a good day.\nCaller: you too\n",
  "status" : "SUBMITTED",
  "modifiedDate" : 1506329668600
}, {
  "id" : "906400d0-a1cd-11e7-95d4-13de3d82fddb-2",
  "name" : "Balaji1.txt",
  "text" : "Rep: This is Priya. How can I help you?\nCaller: Hi, My name is Peter. I would like to request a change of address for my account.\nRep: Sure, I can help you.  For verification purpose may I know your date of birth and email id\nCaller: My date of birth is tenth of August  nineteen seventy nine and my email id is peter@gmail.com.\nRep: Thank you for providing the information. We require the address proof to change the information. Please visit the nearest Vodafone customer care center with a proof of the new address. It will be immediately taken care.\nCaller: Thank you. I will do that.\nRep: Is there anything else that I can help you with\nCaller: No\nRep: Thanks for calling Vodaphone. Have a good day.\nCaller: you too\n",
  "status" : "SUBMITTED",
  "modifiedDate" : 1506329723023
}, {
  "id" : "906400d0-a1cd-11e7-95d4-13de3d82fddb-3",
  "name" : "Murali4.txt",
  "text" : "Rep: Thanks for calling Vodaphone. This is Monica. How can I help you\nCaller: I want to migrate to a different service provider\nRep: Sorry to hear that sir but why do you want to migrate\nCaller: Signal is bad and service is pathetic\nRep: Signal is bad at any specific location or everywhere sir?\nCaller: It's bad at my home\nRep: Can a representative visit your place to check what is the issue?\nCaller: Yes\nRep: For verification can you let me know your name, email id and date of birth\nCaller: my name's Abdul email id is adbul@hotmail.com and data of birth is 9th march 1988\nRep: Thank you Can you confirm your home address please?\nCaller: My home address is #35, 5th corss, 2nd main, Kalyan Nagar, Bengaluru - 560043\nRep: A represetative will call you and visit your place to check signal issues and address your concern\nCaller: Hope the issue will be resolved\nRep: We will do our best sir\nCaller: Thanks\nRep: Is there anything that I can help you with\nCaller: No\nRep: Than you for calling and have a good day sir\n",
  "status" : "SUBMITTED",
  "modifiedDate" : 1506329795055
}, {
  "id" : "906400d0-a1cd-11e7-95d4-13de3d82fddb-4",
  "name" : "Murali3.txt",
  "text" : "Rep: Welcome to Vodaphone. This is Sanjay. How can I help you\nCaller: My billing is incorrect\nRep: May I have your phone number please\nCaller: Yes, my phone number is 8765453213\nRep: Who is this number registered to\nCaller: Amit\nRep: For verification can you confirm your date of birth and email id\nCaller: Date of birth is 20 July 1980 and email is amit@whatever.com\nRep: What's the issue in billing\nCaller: I am charged for data pack whereas I had requested for unsubscribing from data pack a month back\nRep: Apologies sir I will check Can I place your call on hold for a minute please?\nCaller: yes\nRep: Thanks\nRep: Yes, there seems to be an issue I will initiate reversal of data charges\nCaller: Thanks Can I get a hard copy of the bill to my address please?\nRep: Please confirm your address\nCaller: My address is house no 13, Block 2, nandini layout, Bengaluru - 560016\nRep: I have taken your request for paper bill which you will get it in a week\nCaller: ok\nRep: Is there anything else that I can help you with\nCaller: no\nRep: Thanks. Have a good day.. Bye\n",
  "status" : "SUBMITTED",
  "modifiedDate" : 1506329859228
}, {
  "id" : "906400d0-a1cd-11e7-95d4-13de3d82fddb-5",
  "name" : "Murali2.txt",
  "text" : "Rep: Welcome to Vodaphone. This is Santosh. How can I help you\nCaller: I want to change my address\nRep: For which number sir\nCaller: 123456789\nRep: For verification may I know your name and email id\nCaller: My name is Randeep\nRep: And email id?\nCaller: Randeep@rediffmail.com\nRep: Thank you for providing the information. So you need to change your address right\nCaller: yes\nRep: May I know your new address please\nCaller: My new address is flat 1564, sarvodaya heights, 4T cross, Jayanagar, Bengaluru - 560020\nRep: I have taken your request to update the address. For validation please send scanned copy of your address proof to customercare@vodaphone.com\nCaller: Ok, I will send\nRep: Is there anything else that I can help you with.\nCaller: No thanks\nRep: Have a good day\n",
  "status" : "SUBMITTED",
  "modifiedDate" : 1506329912223
}, {
  "id" : "906400d0-a1cd-11e7-95d4-13de3d82fddb-6",
  "name" : "Shikha3.txt",
  "text" : "Rep: This is Payal. How can I help you?\nCaller: This is Ankur. I want to take the dongle, could you please let me know the related offer and rate. I am looking for corporate plan.\nRep: Sure, Sir, I’ll help you. Which company Sir?\nCaller: It’s IBM.\nRep: ok. For IBM we do provide 4G Dongle of Rs. XXX.\nCaller: Please provide me more details like data limit and speed.\nRep: Sure, it is 1GB/day free and post that it is chargeable. It provides 4G Speed.\nCaller: I would like to order it.\nRep: Sure Sir. We need your details to fill-in the form.\nCaller: ok\nRep: Your name?\nCaller: Ankur ABC\nRep: Your date of birth is\nCaller: it is 23rd May 1987\nRep: and your official email id is?\nCaller: it is ankur@in.ibm.com\nRep: please confirm your company name, is it IBM?\nCaller: yes.\nRep: and your employee id is:\nCaller: employee ID is 800011\nRep: Please tell your address\nCaller: Its IBM India Pvt Ltd, EGL, Bangalore\nRep: Thank you for providing the details. Service request has been raised for the same. You will get a verification call in 3 hours. and then it will be delivered to you.\nRep: Is there anything else that I can help you with\nCaller: No\nRep: Thanks for calling Vodafone. Have a good day.\n",
  "status" : "SUBMITTED",
  "modifiedDate" : 1506330030615
}, {
  "id" : "906400d0-a1cd-11e7-95d4-13de3d82fddb-7",
  "name" : "Ankit1.txt",
  "text" : "Rep: This is Shilpa. How can I help you?\nCaller: Hi Shilpa, This is Alex. I want to know that why there is no network from yesterday.\nRep: Sure, I can help you. Do you want to know about the network for the number from which you are calling now?\nCaller: yes\nRep: For verification purpose may I know your date of birth and email id\nCaller: My date of birth is 15th November 1989 and my email id is alex.champ@gmail.com\nRep: Sorry Sir, your due amount is pending from last 2 months, so your service is disconnected for some time.\nCaller: Ohh, is it?.. I want to submit the pending amount.\nRep: Ok Sir, Please tell me your company name and employee id\nCaller: I work for IBM and my employee id is 186009\nRep: Ok.. Just submit the remaining bill amount, your number will start working within 3 hours. Is there anything else that I may help you with\nCaller: No\nRep: Thanks for calling Vodaphone. Have a good day.\nCaller: you too\n",
  "status" : "SUBMITTED",
  "modifiedDate" : 1506330080543
}, {
  "id" : "906400d0-a1cd-11e7-95d4-13de3d82fddb-8",
  "name" : "Shikha2.txt",
  "text" : "Rep: This is Priya. How can I help you?\nCaller: This is Anand. I want to add Aadhaar number for my number.\nRep: Sure, Sir, I’ll help you. Tell me the number for which you want to add Aadhaar number.\nCaller: 123456789\nRep: Can you please tell your date of birth, it is required for verification purpose.\nCaller: ok, it is 10th September 1989\nRep: and your email id is?\nCaller: it is anand123@gmail.com\nRep: Thank you for verification. Tell me your Aadhaar Number.\nCaller: 123412341234\nRep: Ok.. I have raised a service request to add aadhaar number for your number. You will get an update in 3 hours. Is there anything else that I can help you with\nCaller: No\nRep: Thanks for calling Vodafone. Have a good day.\n",
  "status" : "SUBMITTED",
  "modifiedDate" : 1506330124997
}, {
  "id" : "906400d0-a1cd-11e7-95d4-13de3d82fddb-9",
  "name" : "Shikha1.txt",
  "text" : "Rep: This is Vishal. How can I help you?\nCaller: This is Astha. I want to increase the data limit of my number.\nRep: Sure, Mam, I’ll help you. Do you want to add data for the number from which you are calling?\nCaller: yes, before that can you please tell me what is the current data limit with my plan?\nRep: Sure Mam. Let me check the details.\nRep: Mam, it is 300 MB per month. How much data you need 1GB/2GB?\nCaller: I want 1GB per month.\nRep: Sure Mam. Can you please tell your date of birth, it is required for verification purpose.\nCaller: ok, it is 7th February 1990\nRep: and your email id is?\nCaller: it is astha123@gmail.com\nRep: Mam, as you are using corporate plan, please confirm your office name and employee ID.\nCaller: Sure, Company name is IBM and employee ID is 890031.\nRep: Thank you for verification. Wait a min..\nRep: Ok.. I have raised a service request to increase data limit for your number. You will get an update within 24 hours. Is there anything else that I can help you with\nCaller: No\nRep: Thanks for calling Vodafone. Have a good day.\n",
  "status" : "SUBMITTED",
  "modifiedDate" : 1506330178254
} ]